chapter,toc,word,meaning
CH1,"un- (~이 아닌, 반대)",unhappy,"불행한, 슬픈"
CH1,"un- (~이 아닌, 반대)",unfair,"불공정한, 부당한"
CH1,"un- (~이 아닌, 반대)",unkind,"불친절한, 못된"
CH1,"un- (~이 아닌, 반대)",unsafe,위험한
CH1,"un- (~이 아닌, 반대)",unusual,"이례적인, 특이한"
CH1,"un- (~이 아닌, 반대)",unreal,"비현실적인, 믿기 힘든"
CH1,"un- (~이 아닌, 반대)",unnecessary,불필요한
CH1,"un- (~이 아닌, 반대)",uncertain,"불확실한, 확신이 없는"
CH1,"un- (~이 아닌, 반대)",unconscious,"의식을 잃은, 무의식의"
CH1,"un- (~이 아닌, 반대)",unaware,눈치채지 못한
CH1,"un- (~이 아닌, 반대)",unlike,"~와 다른, 닮지 않은"
CH1,"un- (~이 아닌, 반대)",unlock,잠금 해제하다
CH1,"un- (~이 아닌, 반대)",unwrap,포장을 벗기다
CH1,"un- (~이 아닌, 반대)",untie,"풀다, 끄르다"
CH1,"un- (~이 아닌, 반대)",unacceptable,"받아들일 수 없는, 용납할 수 없는"
CH1,"un- (~이 아닌, 반대)",unavailable,"이용할 수 없는, 구할 수 없는"
CH1,"un- (~이 아닌, 반대)",unbelievable,믿을 수 없는
CH1,"un- (~이 아닌, 반대)",uncomfortable,"불편한, 불쾌한"
CH1,"un- (~이 아닌, 반대)",unfairly,"불공정하게, 부당하게"
CH1,"un- (~이 아닌, 반대)",unreliable,"신뢰할 수 없는, 믿음직하지 않은"
CH1,in- / im- / il- / ir- (~이 아닌),incorrect,"틀린, 부정확한"
CH1,in- / im- / il- / ir- (~이 아닌),incomplete,불완전한
CH1,in- / im- / il- / ir- (~이 아닌),invisible,보이지 않는
CH1,in- / im- / il- / ir- (~이 아닌),inactive,"비활동적인, 소극적인"
CH1,in- / im- / il- / ir- (~이 아닌),inadequate,불충분한
CH1,in- / im- / il- / ir- (~이 아닌),inaccurate,부정확한
CH1,in- / im- / il- / ir- (~이 아닌),impossible,불가능한
CH1,in- / im- / il- / ir- (~이 아닌),immoral,비도덕적인
CH1,in- / im- / il- / ir- (~이 아닌),immature,미성숙한
CH1,in- / im- / il- / ir- (~이 아닌),impatient,참을성 없는
CH1,in- / im- / il- / ir- (~이 아닌),impolite,무례한
CH1,in- / im- / il- / ir- (~이 아닌),impure,불순한
CH1,in- / im- / il- / ir- (~이 아닌),illegal,불법의
CH1,in- / im- / il- / ir- (~이 아닌),illegible,읽기 어려운
CH1,in- / im- / il- / ir- (~이 아닌),illogical,비논리적인
CH1,in- / im- / il- / ir- (~이 아닌),illegitimate,"위법의, 사생의"
CH1,in- / im- / il- / ir- (~이 아닌),irregular,불규칙한
CH1,in- / im- / il- / ir- (~이 아닌),irrelevant,무관한
CH1,in- / im- / il- / ir- (~이 아닌),irresponsible,무책임한
CH1,in- / im- / il- / ir- (~이 아닌),irreplaceable,대체 불가능한
CH1,"a- / an- / ab (~이 아닌, 없는)",amoral,비도덕적인
CH1,"a- / an- / ab (~이 아닌, 없는)",apolitical,"정치에 무관심한, 비정치적인"
CH1,"a- / an- / ab (~이 아닌, 없는)",asocial,"비사교적인, 반사회적인"
CH1,"a- / an- / ab (~이 아닌, 없는)",atypical,"비정형적인, 이례적인"
CH1,"a- / an- / ab (~이 아닌, 없는)",ahistorical,"비역사적인, 역사와 무관한"
CH1,"a- / an- / ab (~이 아닌, 없는)",anonymous,익명의
CH1,"a- / an- / ab (~이 아닌, 없는)",anarchy,무정부 상태
CH1,"a- / an- / ab (~이 아닌, 없는)",asymmetric,비대칭의
CH1,"a- / an- / ab (~이 아닌, 없는)",abnormal,"정상에서 벗어난, 비정상적인"
CH1,"a- / an- / ab (~이 아닌, 없는)",abroad,"해외로, 멀리 떨어져"
CH1,"a- / an- / ab (~이 아닌, 없는)",absent,"결석한, 부재한"
CH1,"a- / an- / ab (~이 아닌, 없는)",absence,"결석, 부재"
CH1,"a- / an- / ab (~이 아닌, 없는)",abnormal,"비정상적인, 이상한"
CH1,"a- / an- / ab (~이 아닌, 없는)",abolish,"폐지하다, 없애다"
CH1,"a- / an- / ab (~이 아닌, 없는)",abstract,추출하다; 추상적인
CH1,"a- / an- / ab (~이 아닌, 없는)",abduct,"유괴하다, 납치하다"
CH1,"a- / an- / ab (~이 아닌, 없는)",abduction,"유괴, 납치"
CH1,"a- / an- / ab (~이 아닌, 없는)",abandon,"버리다, 포기하다"
CH1,"a- / an- / ab (~이 아닌, 없는)",abuse,"남용하다, 학대하다"
CH1,"a- / an- / ab (~이 아닌, 없는)",abrupt,돌연한
CH1,non- (~이 아닌),nonstop,"허튼소리, 무의미한 것"
CH1,non- (~이 아닌),nonsense,존재하지 않는
CH1,non- (~이 아닌),nonexistent,"허구가 아닌, 논픽션"
CH1,non- (~이 아닌),nonfiction,"이익을 추구하지 않는, 비영리의"
CH1,non- (~이 아닌),nonprofit,"비언어적인, 말이 아닌"
CH1,non- (~이 아닌),nonverbal,"비인간의, 인간이 아닌 것"
CH1,non- (~이 아닌),nonhuman,"비본질적인, 불필요한"
CH1,non- (~이 아닌),nonessential,전통적이지 않은
CH1,non- (~이 아닌),nontraditional,"독이 없는, 무해한"
CH1,"dis- (반대, ~이 아닌, 떨어져)",dislike,"싫어하다, 반감"
CH1,"dis- (반대, ~이 아닌, 떨어져)",dishonest,"부정직한, 불성실한"
CH1,"dis- (반대, ~이 아닌, 떨어져)",disagree,반대하다
CH1,"dis- (반대, ~이 아닌, 떨어져)",disapprove,"승인하지 않다, 반대하다"
CH1,"dis- (반대, ~이 아닌, 떨어져)",disbelief,"불신, 의심"
CH1,"dis- (반대, ~이 아닌, 떨어져)",disorder,"무질서, 장애"
CH1,"dis- (반대, ~이 아닌, 떨어져)",discomfort,"불편, 불쾌"
CH1,"dis- (반대, ~이 아닌, 떨어져)",disable,"사용 불가능하게 하다, 불구로 만들다"
CH1,"dis- (반대, ~이 아닌, 떨어져)",disconnect,"연결을 끊다, 단절하다"
CH1,"dis- (반대, ~이 아닌, 떨어져)",discontinue,"중단하다, 그만두다"
CH1,"de- (반대, 제거, 아래로)",decline,"기울다, 감소하다; 거절하다"
CH1,"de- (반대, 제거, 아래로)",decrease,"줄다, 감소하다"
CH1,"de- (반대, 제거, 아래로)",decay,"부패하다, 쇠퇴하다"
CH1,"de- (반대, 제거, 아래로)",depress,"우울하게 하다, 침체시키다"
CH1,"de- (반대, 제거, 아래로)",decide,결정하다
CH1,"de- (반대, 제거, 아래로)",declare,"선언하다, 밝히다"
CH1,"de- (반대, 제거, 아래로)",defeat,패배시키다
CH1,"de- (반대, 제거, 아래로)",destroy,파괴하다
CH1,"de- (반대, 제거, 아래로)",destruct,파괴하다
CH1,"de- (반대, 제거, 아래로)",demolish,"철거하다, 파괴하다"
CH1,"mis- (잘못, 나쁘게)",mistake,"실수, 잘못"
CH1,"mis- (잘못, 나쁘게)",misunderstand,오해하다
CH1,"mis- (잘못, 나쁘게)",misinterpret,"오역하다, 잘못 해석하다"
CH1,"mis- (잘못, 나쁘게)",mislead,"잘못 인도하다, 속이다"
CH1,"mis- (잘못, 나쁘게)",misinform,잘못된 정보를 주다
CH1,"mis- (잘못, 나쁘게)",miscommunication,오해
CH1,"mis- (잘못, 나쁘게)",misbehave,"못되게 굴다, 버릇없게 굴다"
CH1,"mis- (잘못, 나쁘게)",misconduct,"위법 행위, 비행"
CH1,"mis- (잘못, 나쁘게)",misdeed,"범죄, 악행"
CH1,"mis- (잘못, 나쁘게)",misfit,"부적응자, 어울리지 않는 사람"
CH1,"anti- (~에 반대하여, ~에 맞서)",antisocial,"반사회적인, 비사교적인"
CH1,"anti- (~에 반대하여, ~에 맞서)",antigovernment,반정부의
CH1,"anti- (~에 반대하여, ~에 맞서)",antislavery,반노예제(의)
CH1,"anti- (~에 반대하여, ~에 맞서)",antiwar,전쟁에 반대하는
CH1,"anti- (~에 반대하여, ~에 맞서)",antiviral,항바이러스의
CH1,"anti- (~에 반대하여, ~에 맞서)",antibiotic,항생제
CH1,"anti- (~에 반대하여, ~에 맞서)",antidote,해독제
CH1,"anti- (~에 반대하여, ~에 맞서)",antifreeze,부동액
CH1,"anti- (~에 반대하여, ~에 맞서)",antiperspirant,땀 억제제
CH1,"anti- (~에 반대하여, ~에 맞서)",antagonist,"적대자, 반대자"
CH1,"contra- / contro- / counter- (반대, 대립)",contrary,"반대의, 정반대"
CH1,"contra- / contro- / counter- (반대, 대립)",contrast,"대조, 대비"
CH1,"contra- / contro- / counter- (반대, 대립)",contradict,"반박하다, 모순되다"
CH1,"contra- / contro- / counter- (반대, 대립)",controversy,"논쟁, 논란"
CH1,"contra- / contro- / counter- (반대, 대립)",counteract,"대항하다, 방해하다"
CH1,"contra- / contro- / counter- (반대, 대립)",counterattack,"반격하다, 반격"
CH1,"contra- / contro- / counter- (반대, 대립)",counterpart,"상응하는 것, 상대"
CH1,"contra- / contro- / counter- (반대, 대립)",counterbalance,균형을 잡다
CH1,"contra- / contro- / counter- (반대, 대립)",counterexample,"반례, 대항 예"
CH1,"contra- / contro- / counter- (반대, 대립)",counterproductive,역효과의
CH1,"ob- / op- / oc- / of- (반대, 저항)",object,"반대하다; 물건, 대상"
CH1,"ob- / op- / oc- / of- (반대, 저항)",objection,"이의, 반대"
CH1,"ob- / op- / oc- / of- (반대, 저항)",obstacle,장애물
CH1,"ob- / op- / oc- / of- (반대, 저항)",obstruct,"방해하다, 차단하다"
CH1,"ob- / op- / oc- / of- (반대, 저항)",oppose,"반대하다, 대항하다"
CH1,"ob- / op- / oc- / of- (반대, 저항)",opponent,"상대, 적수"
CH1,"ob- / op- / oc- / of- (반대, 저항)",opposite,"반대의, 맞은편의"
CH1,"ob- / op- / oc- / of- (반대, 저항)",oppress,"억압하다, 탄압하다"
CH1,"ob- / op- / oc- / of- (반대, 저항)",offend,"기분 상하게 하다, 위반하다"
CH1,"ob- / op- / oc- / of- (반대, 저항)",offense,"위반, 공격, 범죄"
CH1,"with- (반대, 뒤로, 떨어져)",withdraw,"철수하다, 인출하다"
CH1,"with- (반대, 뒤로, 떨어져)",withdrawal,"철수, 인출, 철회"
CH1,"with- (반대, 뒤로, 떨어져)",withhold,"보류하다, 억제하다"
CH1,"with- (반대, 뒤로, 떨어져)",withstand,"저항하다, 견디다"
CH1,"with- (반대, 뒤로, 떨어져)",withholdings,"원천징수금, 보류분"
CH1,"se- (떨어져, 분리)",separate,"분리하다, 나누다; 분리된"
CH1,"se- (떨어져, 분리)",segregate,"분리하다, 차별하다"
CH1,"se- (떨어져, 분리)",select,선택하다
CH1,"se- (떨어져, 분리)",selective,선택적인
CH1,"se- (떨어져, 분리)",severe,"엄격한, 가혹한"
CH1,"mal- (나쁜, 해로운)",malfunction,"오작동, 고장"
CH1,"mal- (나쁜, 해로운)",malnutrition,영양실조
CH1,"mal- (나쁜, 해로운)",malnourished,영양이 불량한
CH1,"mal- (나쁜, 해로운)",malpractice,"위법 행위, 의료 과실"
CH1,"mal- (나쁜, 해로운)",malaria,말라리아
CH1,"mal- (나쁜, 해로운)",malformed,기형의
CH1,"mal- (나쁜, 해로운)",malicious,악의적인
CH1,"mal- (나쁜, 해로운)",malevolent,"악의적인, 해치려는"
CH1,"mal- (나쁜, 해로운)",malice,"악의, 원한"
CH1,"mal- (나쁜, 해로운)",maladjusted,부적응한
CH1,"ex-/e- (out, 밖으로)",export,수출하다
CH1,"ex-/e- (out, 밖으로)",exclude,제외하다
CH1,"ex-/e- (out, 밖으로)",expand,확장하다
CH1,"ex-/e- (out, 밖으로)",express,표현하다
CH1,"ex-/e- (out, 밖으로)",expose,"드러내다, 노출하다"
CH1,"ex-/e- (out, 밖으로)",escape,탈출하다
CH1,"ex-/e- (out, 밖으로)",emit,방출하다
CH1,"ex-/e- (out, 밖으로)",evacuate,대피하다
CH1,"ex-/e- (out, 밖으로)",extract,추출하다
CH1,"ex-/e- (out, 밖으로)",exceed,"초과하다, 능가하다"
CH1,"ex-/e- (out, 밖으로)",excel,탁월하다
CH1,"ex-/e- (out, 밖으로)",exhibit,"전시하다, 드러내다"
CH1,"ex-/e- (out, 밖으로)",exert,발휘하다
CH1,"ex-/e- (out, 밖으로)",exile,"추방하다, 망명"
CH1,"ex-/e- (out, 밖으로)",expire,"만료되다, 죽다"
CH1,"ex-/e- (out, 밖으로)",exhaust,"소모하다, 지치게 하다"
CH1,"ex-/e- (out, 밖으로)",exclaim,"소리치다, 감탄하다"
CH1,"ex-/e- (out, 밖으로)",exemplify,예시를 보여주다
CH1,"ex-/e- (out, 밖으로)",exaggerate,과장하다
CH1,"ex-/e- (out, 밖으로)",execute,"실행하다, 처형하다"
CH1,"out- (밖으로, 넘어)",outperform,능가하다
CH1,"out- (밖으로, 넘어)",outbreak,"발발, 발생"
CH1,"out- (밖으로, 넘어)",outnumber,수적으로 우세하다
CH1,"out- (밖으로, 넘어)",outshine,~보다 뛰어나다
CH1,"out- (밖으로, 넘어)",outdated,"구식의, 시대에 뒤떨어진"
CH1,"out- (밖으로, 넘어)",outlaw,무법자
CH1,"out- (밖으로, 넘어)",outspoken,"솔직한, 거침없는"
CH1,"out- (밖으로, 넘어)",outlook,"전망, 견해"
CH1,"out- (밖으로, 넘어)",outcome,"결과, 성과"
CH1,"out- (밖으로, 넘어)",outgoing,"외향적인, 활발한"
CH1,"out- (밖으로, 넘어)",output,"생산량, 산출"
CH1,"out- (밖으로, 넘어)",outrun,~보다 빨리 달리다
CH1,"out- (밖으로, 넘어)",outcry,"격렬한 항의, 반발"
CH1,"out- (밖으로, 넘어)",outwit,"~보다 한 수 위다, 속이다"
CH1,"out- (밖으로, 넘어)",outdo,"능가하다, 뛰어나다"
CH1,"out- (밖으로, 넘어)",outpace,앞지르다
CH1,"out- (밖으로, 넘어)",outline,"윤곽, 개요"
CH1,"out- (밖으로, 넘어)",outburst,"폭발, 분출"
CH1,"out- (밖으로, 넘어)",outweigh,"~보다 더 중요하다, 능가하다"
CH1,"out- (밖으로, 넘어)",outreach,"지원 활동, 대외 활동"
CH1,"in-/im- (안으로, 안에)",include,포함하다
CH1,"in-/im- (안으로, 안에)",involve,"포함하다, 관련시키다"
CH1,"in-/im- (안으로, 안에)",install,설치하다
CH1,"in-/im- (안으로, 안에)",input,"투입, 입력"
CH1,"in-/im- (안으로, 안에)",implant,"이식하다, 주입하다"
CH1,"in-/im- (안으로, 안에)",insert,삽입하다
CH1,"in-/im- (안으로, 안에)",invade,침입하다
CH1,"in-/im- (안으로, 안에)",inject,"주사하다, 주입하다"
CH1,"in-/im- (안으로, 안에)",immerse,"몰두시키다, 잠기게 하다"
CH1,"in-/im- (안으로, 안에)",imprison,투옥하다
CH1,"in-/im- (안으로, 안에)",incorporate,"통합하다, 포함하다"
CH1,"in-/im- (안으로, 안에)",infiltrate,침투하다
CH1,"in-/im- (안으로, 안에)",inhale,흡입하다
CH1,"in-/im- (안으로, 안에)",inscribe,"새기다, 기입하다"
CH1,"in-/im- (안으로, 안에)",inset,"삽입물, 끼워넣다"
CH1,"in-/im- (안으로, 안에)",immerge,"잠기다, 침몰하다"
CH1,"in-/im- (안으로, 안에)",impregnate,"주입하다, 임신시키다"
CH1,"in-/im- (안으로, 안에)",imprint,"각인하다, 새기다"
CH1,"in-/im- (안으로, 안에)",induce,"유도하다, 초래하다"
CH1,"in-/im- (안으로, 안에)",ingest,섭취하다
CH1,"intro- / intra- (안으로, 내부)",introduce,소개하다
CH1,"intro- / intra- (안으로, 내부)",introvert,내향적인 사람
CH1,"intro- / intra- (안으로, 내부)",introspect,자기 성찰하다
CH1,"intro- / intra- (안으로, 내부)",intrude,침입하다
CH1,"intro- / intra- (안으로, 내부)",intrinsic,"본질적인, 내재적인"
CH1,"extra- (밖의, 넘는, 추가의)",extraordinary,"비범한, 특별한"
CH1,"extra- (밖의, 넘는, 추가의)",extracurricular,"비교과의, 교과과정 이외의"
CH1,"extra- (밖의, 넘는, 추가의)",extravagant,"낭비하는, 사치스러운"
CH1,"extra- (밖의, 넘는, 추가의)",extraterrestrial,"외계의, 지구 밖의 생명체"
CH1,"extra- (밖의, 넘는, 추가의)",extrovert,외향적인 사람
CH1,"fore- (앞, 미리)",forehead,이마
CH1,"fore- (앞, 미리)",forefather,조상
CH1,"fore- (앞, 미리)",forecast,예측하다
CH1,"fore- (앞, 미리)",foresee,예견하다
CH1,"fore- (앞, 미리)",foretell,예언하다
CH1,"fore- (앞, 미리)",forewarn,예고하다
CH1,"fore- (앞, 미리)",foreshadow,전조가 되다
CH1,"fore- (앞, 미리)",foremost,"가장 중요한, 맨 앞의"
CH1,"fore- (앞, 미리)",forearm,팔뚝
CH1,"fore- (앞, 미리)",foreground,"전경, 중요한 부분"
CH1,"fore- (앞, 미리)",forerunner,"선구자, 전조"
CH1,"pro- (앞으로, 찬성하여)",promote,촉진하다
CH1,"pro- (앞으로, 찬성하여)",proceed,진행하다
CH1,"pro- (앞으로, 찬성하여)",produce,생산하다
CH1,"pro- (앞으로, 찬성하여)",profess,공언하다
CH1,"pro- (앞으로, 찬성하여)",project,"프로젝트, 계획하다, 투영하다"
CH1,"pro- (앞으로, 찬성하여)",propel,추진하다
CH1,"pro- (앞으로, 찬성하여)",provide,"준비하다, 제공하다"
CH1,"pro- (앞으로, 찬성하여)",prologue,"서두, 머리말"
CH1,"pro- (앞으로, 찬성하여)",proponent,"지지자, 옹호자"
CH1,"pro- (앞으로, 찬성하여)",prospect,"전망, 기대"
CH1,"pro- (앞으로, 찬성하여)",provision,"대비, 조항, 식량 공급"
CH1,"pro- (앞으로, 찬성하여)",prophecy,예언
CH1,"pro- (앞으로, 찬성하여)",proactive,선제적인
CH1,"pro- (앞으로, 찬성하여)",progressive,"진보적인, 점진적인"
CH1,"pro- (앞으로, 찬성하여)",profound,심오한
CH1,"pro- (앞으로, 찬성하여)",prosper,번영하다
CH1,"pro- (앞으로, 찬성하여)",proclaim,"선포하다, 공표하다"
CH1,"pro- (앞으로, 찬성하여)",prolong,연장하다
CH1,"pro- (앞으로, 찬성하여)",promising,유망한
CH1,"pro- (앞으로, 찬성하여)",prominent,"두드러진, 저명한"
CH1,"pre- (미리, 앞에)",preview,"예고편, 시사회"
CH1,"pre- (미리, 앞에)",predict,예측하다
CH1,"pre- (미리, 앞에)",prevent,"예방하다, 막다"
CH1,"pre- (미리, 앞에)",prepare,준비하다
CH1,"pre- (미리, 앞에)",prefer,선호하다
CH1,"pre- (미리, 앞에)",presume,추정하다
CH1,"pre- (미리, 앞에)",pretend,"~인 체하다, 가장하다"
CH1,"pre- (미리, 앞에)",precaution,예방조치
CH1,"pre- (미리, 앞에)",precede,"선행하다, 앞서다"
CH1,"pre- (미리, 앞에)",premature,"조숙한, 시기상조의"
CH1,"pre- (미리, 앞에)",prejudice,편견
CH1,"pre- (미리, 앞에)",preliminary,"예비의, 사전의"
CH1,"pre- (미리, 앞에)",prehistory,선사 시대
CH1,"pre- (미리, 앞에)",pretest,사전 검사
CH1,"pre- (미리, 앞에)",precondition,전제 조건
CH1,"pre- (미리, 앞에)",preoccupy,(생각·마음을) 사로잡다
CH1,"post- (뒤, 이후)",postwar,전후의
CH1,"post- (뒤, 이후)",postpone,연기하다
CH1,"post- (뒤, 이후)",postscript,추신
CH1,"post- (뒤, 이후)",postgraduate,"대학원생, 대학원 과정의"
CH1,"post- (뒤, 이후)",postmodern,"탈근대의, 포스트모던의"
CH1,"re- (다시, 뒤로)",replay,"재생하다, 다시 하다"
CH1,"re- (다시, 뒤로)",return,"돌아오다, 반환하다"
CH1,"re- (다시, 뒤로)",review,"복습하다, 검토하다"
CH1,"re- (다시, 뒤로)",replace,"대체하다, 교체하다"
CH1,"re- (다시, 뒤로)",reproduce,"재생산하다, 복제하다"
CH1,"re- (다시, 뒤로)",redo,다시 하다
CH1,"re- (다시, 뒤로)",recall,"회상하다, 소환하다"
CH1,"re- (다시, 뒤로)",regain,"회복하다, 되찾다"
CH1,"re- (다시, 뒤로)",rebuild,재건하다
CH1,"re- (다시, 뒤로)",retreat,"후퇴하다, 철수하다"
CH1,"re- (다시, 뒤로)",recycle,재활용하다
CH1,"re- (다시, 뒤로)",reconsider,재고하다
CH1,"re- (다시, 뒤로)",revive,"소생하다, 부활하다"
CH1,"re- (다시, 뒤로)",renew,갱신하다
CH1,"re- (다시, 뒤로)",restore,"복구하다, 회복하다"
CH1,"re- (다시, 뒤로)",resume,재개하다
CH1,"re- (다시, 뒤로)",reform,"개혁하다, 개선하다"
CH1,"re- (다시, 뒤로)",reorganize,재정비하다
CH1,"re- (다시, 뒤로)",retrieve,"되찾다, 회수하다"
CH1,"re- (다시, 뒤로)",recover,"회복하다, 되찾다"
CH1,"super- / sur- (위에, 넘는)",supervise,감독하다
CH1,"super- / sur- (위에, 넘는)",superior,"우수한, 상급의"
CH1,"super- / sur- (위에, 넘는)",superficial,"피상적인, 겉만의"
CH1,"super- / sur- (위에, 넘는)",supernatural,초자연적인
CH1,"super- / sur- (위에, 넘는)",surpass,"능가하다, 뛰어넘다"
CH1,"super- / sur- (위에, 넘는)",surplus,"잉여, 과잉"
CH1,"super- / sur- (위에, 넘는)",surname,성(姓)
CH1,"super- / sur- (위에, 넘는)",surcharge,"추가 요금, 할증료"
CH1,"super- / sur- (위에, 넘는)",surreal,초현실적인
CH1,"super- / sur- (위에, 넘는)",supersonic,초음속의
CH1,sub- (아래에),subway,지하철
CH1,sub- (아래에),submarine,"잠수함, 해저의"
CH1,sub- (아래에),submerge,"잠수하다, 담그다"
CH1,sub- (아래에),subconscious,잠재의식의
CH1,sub- (아래에),subordinate,"종속된, 하급자"
CH1,sub- (아래에),substitute,"대체하다, 대리인"
CH1,sub- (아래에),subtract,"빼다, 감하다"
CH1,sub- (아래에),suburb,"교외, 근교"
CH1,sub- (아래에),substandard,기준 미달의
CH1,sub- (아래에),subzero,영하의
CH1,"under- (아래에, 부족하게)",underestimate,과소평가하다
CH1,"under- (아래에, 부족하게)",underground,"지하의, 비밀의"
CH1,"under- (아래에, 부족하게)",undergo,"겪다, 경험하다"
CH1,"under- (아래에, 부족하게)",undertake,"떠맡다, 착수하다"
CH1,"under- (아래에, 부족하게)",underlie,"기초가 되다, 근거가 되다"
CH1,"under- (아래에, 부족하게)",underline,강조하다
CH1,"under- (아래에, 부족하게)",undermine,"약화시키다, 손상시키다"
CH1,"under- (아래에, 부족하게)",underprivileged,"사회적 약자, 혜택이 적은"
CH1,"under- (아래에, 부족하게)",undercover,"위장한, 비밀의"
CH1,"under- (아래에, 부족하게)",underdeveloped,"저개발의, 후진국의"
CH1,"over- (위에, 지나치게)",overwork,과로하다
CH1,"over- (위에, 지나치게)",overeat,과식하다
CH1,"over- (위에, 지나치게)",overcome,"극복하다, 이기다"
CH1,"over- (위에, 지나치게)",overlook,"간과하다, 내려다보다"
CH1,"over- (위에, 지나치게)",overwhelm,압도하다
CH1,"over- (위에, 지나치게)",overstate,과장하다
CH1,"over- (위에, 지나치게)",overtake,추월하다
CH1,"over- (위에, 지나치게)",overflow,"넘쳐흐르다, 범람하다"
CH1,"over- (위에, 지나치게)",overload,"짐을 지나치게 싣다, 과부하를 걸다"
CH1,"over- (위에, 지나치게)",overcharge,과다 청구하다
CH1,"trans- (건너, 바꾸어)",transport,운송하다
CH1,"trans- (건너, 바꾸어)",transform,"변형하다, 변화시키다"
CH1,"trans- (건너, 바꾸어)",translate,번역하다
CH1,"trans- (건너, 바꾸어)",transfer,"옮기다, 이전하다"
CH1,"trans- (건너, 바꾸어)",transmit,"전송하다, 전달하다"
CH1,"trans- (건너, 바꾸어)",transparent,투명한
CH1,"trans- (건너, 바꾸어)",transaction,"거래, 처리"
CH1,"trans- (건너, 바꾸어)",transcend,"초월하다, 능가하다"
CH1,"trans- (건너, 바꾸어)",transplant,"이식하다, 옮겨 심다"
CH1,"trans- (건너, 바꾸어)",transition,"전환, 변화"
CH1,inter- (사이에),international,국제적인
CH1,inter- (사이에),interact,상호작용하다
CH1,inter- (사이에),interfere,"간섭하다, 방해하다"
CH1,inter- (사이에),interrupt,"방해하다, 중단하다"
CH1,inter- (사이에),interchange,교환하다
CH1,inter- (사이에),intermediate,"중간의, 중재의"
CH1,inter- (사이에),interpersonal,대인 관계의
CH1,inter- (사이에),interdependent,상호 의존적인
CH1,inter- (사이에),intercontinental,대륙 간의
CH1,inter- (사이에),intercultural,문화 간의
CH1,"ambi- / amphi- (양쪽, 둘레)",ambiguous,"애매한, 모호한"
CH1,"ambi- / amphi- (양쪽, 둘레)",amphibian,양서류
CH1,"ambi- / amphi- (양쪽, 둘레)",amphitheater,원형 극장
CH1,"ambi- / amphi- (양쪽, 둘레)",amphibious,"양서류의, 상륙 작전의"
CH1,"ambi- / amphi- (양쪽, 둘레)",ambivalent,"양면적인, 상반된 감정의"
CH1,"ambi- / amphi- (양쪽, 둘레)",ambience,"분위기, 환경"
CH1,"ambi- / amphi- (양쪽, 둘레)",ambient,"주위의, 환경의"
CH1,"ambi- / amphi- (양쪽, 둘레)",ambidextrous,"양손잡이의, 능숙한"
CH1,"ambi- / amphi- (양쪽, 둘레)",ambition,"야망, 포부"
CH1,"ambi- / amphi- (양쪽, 둘레)",ambivert,양향성격자 (내향성+외향성을 모두 갖춘 사람)
CH1,mid- (가운데),midway,중간 지점
CH1,mid- (가운데),midnight,자정
CH1,mid- (가운데),midterm,중간고사
CH1,mid- (가운데),midfield,"중앙 지대, 미드필드"
CH1,mid- (가운데),midlife,중년기
CH1,mid- (가운데),midrange,중간 범위의
CH1,mid- (가운데),midstream,"도중에, 중류에서"
CH1,mid- (가운데),midsection,"중심, 중간 부분"
CH1,mid- (가운데),midpoint,중간 지점
CH1,mid- (가운데),midday,정오
CH1,"per- (통하여, 완전히)",perfect,"완전한, 완벽한"
CH1,"per- (통하여, 완전히)",perform,"수행하다, 실행하다"
CH1,"per- (통하여, 완전히)",permit,허락하다
CH1,"per- (통하여, 완전히)",persist,"고집하다, 지속하다"
CH1,"per- (통하여, 완전히)",persuade,설득하다
CH1,"per- (통하여, 완전히)",perceive,"지각하다, 인지하다"
CH1,"per- (통하여, 완전히)",perspective,"관점, 시각"
CH1,"per- (통하여, 완전히)",pervade,"퍼지다, 만연하다"
CH1,"per- (통하여, 완전히)",permanent,영구적인
CH1,"per- (통하여, 완전히)",perish,"소멸하다, 죽다"
CH1,"per- (통하여, 완전히)",penetrate,"관통하다, 침투하다"
CH1,"cata- (아래로, 반대로, 완전히)",catalogue,"목록, 카탈로그"
CH1,"cata- (아래로, 반대로, 완전히)",catastrophe,"대재앙, 큰 재난"
CH1,"cata- (아래로, 반대로, 완전히)",cataclysm,"대홍수, 격변"
CH1,"cata- (아래로, 반대로, 완전히)",catacomb,"카타콤, 지하묘지"
CH1,"cata- (아래로, 반대로, 완전히)",catapult,"투석기, 발사하다"
CH1,"back- (뒤로, 뒤에)",backward,"뒤로, 후진하는"
CH1,"back- (뒤로, 뒤에)",background,"배경, 배후"
CH1,"back- (뒤로, 뒤에)",backlash,"반발, 역풍"
CH1,"back- (뒤로, 뒤에)",backup,"예비, 지원, 보조"
CH1,"back- (뒤로, 뒤에)",backfire,"역효과를 내다, 역발생하다"
CH1,"up- (위로, 증가, 개선)",upgrade,"향상시키다, 업그레이드하다"
CH1,"up- (위로, 증가, 개선)",uplift,"고양하다, 들어 올리다, 격려하다"
CH1,"up- (위로, 증가, 개선)",uphold,"지지하다, 유지하다"
CH1,"up- (위로, 증가, 개선)",update,"갱신하다, 최신화하다"
CH1,"up- (위로, 증가, 개선)",upward,"위쪽의, 상승하는"
CH1,"up- (위로, 증가, 개선)",upstart,"벼락출세한 사람, 신흥강자"
CH1,"up- (위로, 증가, 개선)",upload,업로드하다
CH1,"up- (위로, 증가, 개선)",upturn,"호전, 상승"
CH1,"up- (위로, 증가, 개선)",uproot,"근절하다, 뿌리째 뽑다"
CH1,"up- (위로, 증가, 개선)",upscale,"고급화하다, 고급의"
CH1,"down- (아래로, 감소, 악화)",downturn,"하락세, 경기 침체"
CH1,"down- (아래로, 감소, 악화)",downfall,"몰락, 붕괴"
CH1,"down- (아래로, 감소, 악화)",downpour,"폭우, 폭설"
CH1,"down- (아래로, 감소, 악화)",downsize,"축소하다, 구조조정하다"
CH1,"down- (아래로, 감소, 악화)",downhill,"내리막길, 내리막"
CH1,"down- (아래로, 감소, 악화)",downgrade,"격하하다, 강등하다"
CH1,"down- (아래로, 감소, 악화)",downplay,"경시하다, 축소하다"
CH1,"down- (아래로, 감소, 악화)",downcast,"풀이 죽은, 낙담한"
CH1,"down- (아래로, 감소, 악화)",downward,"하향의, 하락하는"
CH1,"down- (아래로, 감소, 악화)",downtrend,하락 추세
CH1,"arch- / archi- (우두머리, 최고의, 처음)",archenemy,"숙적, 절대적 적"
CH1,"arch- / archi- (우두머리, 최고의, 처음)",archangel,대천사
CH1,"arch- / archi- (우두머리, 최고의, 처음)",archbishop,대주교
CH1,"arch- / archi- (우두머리, 최고의, 처음)",architect,"건축가, 설계자"
CH1,"arch- / archi- (우두머리, 최고의, 처음)",architecture,"건축학, 건축술, 구조"
CH1,"prim- (첫째, 최초, 가장 뛰어난)",primary,"주요한, 기본적인"
CH1,"prim- (첫째, 최초, 가장 뛰어난)",primitive,"원시적인, 기본적인"
CH1,"prim- (첫째, 최초, 가장 뛰어난)",prime,"전성기, 최고의 상태"
CH1,"prim- (첫째, 최초, 가장 뛰어난)",primacy,"우위, 탁월함"
CH1,"prim- (첫째, 최초, 가장 뛰어난)",primate,영장류
CH1,"hyper- (지나치게, 과도하게)",hypertension,고혈압
CH1,"hyper- (지나치게, 과도하게)",hyperactive,"지나치게 활동적인, 너무 활발한"
CH1,"hyper- (지나치게, 과도하게)",hypersensitive,"과민한, 예민한"
CH1,"hyper- (지나치게, 과도하게)",hyperbole,"과장법, 과장된 표현"
CH1,"hyper- (지나치게, 과도하게)",hypercritical,"혹평하는, 지나치게 비판적인"
CH1,"ultra- (극도로, 지나치게, 너머)",ultraviolet,자외선
CH1,"ultra- (극도로, 지나치게, 너머)",ultrasound,초음파
CH1,"ultra- (극도로, 지나치게, 너머)",ultrafast,"극도로 빠른, 초고속의"
CH1,"ultra- (극도로, 지나치게, 너머)",ultrathin,"극도로 얇은, 초박막의"
CH1,"ultra- (극도로, 지나치게, 너머)",ultrafine,"극도로 미세한, 초미세의"
CH1,"homo- (같은, 동일한)",homogeneous,"같은 종류의, 동질적인, 균질의"
CH1,"homo- (같은, 동일한)",homosexual,동성애자
CH1,"homo- (같은, 동일한)",homophone,동음어 (소리만 공유)
CH1,"homo- (같은, 동일한)",homograph,동철이의어 (철자만 공유)
CH1,"homo- (같은, 동일한)",homonym,동음이의어 (소리와 철자를 공유)
CH1,"hetero- (다른, 이질적인)",heterogeneous,"다른 종류의, 이질적인"
CH1,"hetero- (다른, 이질적인)",heterogeneity,다양성
CH1,"hetero- (다른, 이질적인)",heterosexual,이성애자
CH1,"hetero- (다른, 이질적인)",heterodox,"이단의, 정통에서 벗어난"
CH1,"hetero- (다른, 이질적인)",heterosexual,이성애
CH1,"pseudo- (거짓, 허위의)",pseudonym,"필명, 가명"
CH1,"pseudo- (거짓, 허위의)",pseudoscience,사이비 과학
CH1,"pseudo- (거짓, 허위의)",pseudo-intellectual,가짜 지식인
CH1,"pseudo- (거짓, 허위의)",pseudologia,"허언증, 거짓말 습관"
CH1,"pseudo- (거짓, 허위의)",pseudo-history,"가짜 역사, 왜곡된 역사"
CH1,"alter- / allo- (다른, 바꾸다)",alter,"바꾸다, 변경하다"
CH1,"alter- / allo- (다른, 바꾸다)",alternate,"번갈아 일어나는, 교대하는"
CH1,"alter- / allo- (다른, 바꾸다)",alternative,"대안, 선택 가능한 것"
CH1,"alter- / allo- (다른, 바꾸다)",altruism,"이타주의, 타인을 위한 행위"
CH1,"alter- / allo- (다른, 바꾸다)",allocate,"할당하다, 배분하다"
CH1,"para- (곁에, 옆에 / 넘는, 잘못된)",parallel,평행한
CH1,"para- (곁에, 옆에 / 넘는, 잘못된)",paradox,"역설, 모순"
CH1,"para- (곁에, 옆에 / 넘는, 잘못된)",parasite,기생충
CH1,"para- (곁에, 옆에 / 넘는, 잘못된)",paranormal,초자연적인
CH1,"para- (곁에, 옆에 / 넘는, 잘못된)",paraphrase,"바꿔 말하다, 의역하다"
CH1,"para- (곁에, 옆에 / 넘는, 잘못된)",paralegal,준법률가
CH1,"para- (곁에, 옆에 / 넘는, 잘못된)",paradigm,"전형, 모범"
CH1,"para- (곁에, 옆에 / 넘는, 잘못된)",paramilitary,준군사조직
CH1,"para- (곁에, 옆에 / 넘는, 잘못된)",parameter,"매개변수, 한계"
CH1,"para- (곁에, 옆에 / 넘는, 잘못된)",parody,"패러디, 풍자"
CH1,"bene- (좋은, 잘)",benefit,"혜택, 이익"
CH1,"bene- (좋은, 잘)",benefactor,"은인, 후원자"
CH1,"bene- (좋은, 잘)",beneficiary,수혜자
CH1,"bene- (좋은, 잘)",benevolent,"자비로운, 친절한"
CH1,"bene- (좋은, 잘)",benediction,"축복, 기도"
CH1,co- / com- / con- / col- / cor- (함께),cooperate,협력하다
CH1,co- / com- / con- / col- / cor- (함께),coexist,공존하다
CH1,co- / com- / con- / col- / cor- (함께),combine,결합하다
CH1,co- / com- / con- / col- / cor- (함께),connect,연결하다
CH1,co- / com- / con- / col- / cor- (함께),contribute,"기여하다, 기부하다"
CH1,syn- / sym- / syl- / sys- (함께),synchronize,동시에 일어나다
CH1,syn- / sym- / syl- / sys- (함께),synonym,동의어
CH1,syn- / sym- / syl- / sys- (함께),synthetic,"합성의, 인공적인"
CH1,syn- / sym- / syl- / sys- (함께),symphony,교향곡
CH1,syn- / sym- / syl- / sys- (함께),sympathy,"동정, 공감"
CH1,syn- / sym- / syl- / sys- (함께),symptom,증상
CH1,syn- / sym- / syl- / sys- (함께),syllable,음절
CH1,syn- / sym- / syl- / sys- (함께),syllabus,강의 계획서
CH1,syn- / sym- / syl- / sys- (함께),synergy,"상승 효과, 협력 효과"
CH1,syn- / sym- / syl- / sys- (함께),symmetry,대칭
CH1,syn- / sym- / syl- / sys- (함께),symbol,상징
CH1,syn- / sym- / syl- / sys- (함께),system,"체계, 제도"
CH1,syn- / sym- / syl- / sys- (함께),systematic,조직적인
CH1,syn- / sym- / syl- / sys- (함께),symbiotic,공생의
CH1,syn- / sym- / syl- / sys- (함께),symbiosis,공생
CH1,syn- / sym- / syl- / sys- (함께),synthesize,"종합하다, 합성하다"
CH2,"-ness (상태, 성질)",happiness,행복
CH2,"-ness (상태, 성질)",darkness,어둠
CH2,"-ness (상태, 성질)",kindness,친절
CH2,"-ness (상태, 성질)",sadness,슬픔
CH2,"-ness (상태, 성질)",weakness,"약점, 약함"
CH2,"-ity (상태, 성질)",purity,"순수함, 순도"
CH2,"-ity (상태, 성질)",ability,능력
CH2,"-ity (상태, 성질)",reality,현실
CH2,"-ity (상태, 성질)",capacity,"용량, 수용력"
CH2,"-ity (상태, 성질)",responsibility,책임
CH2,"-tude (성질, 상태)",attitude,태도
CH2,"-tude (성질, 상태)",gratitude,감사
CH2,"-tude (성질, 상태)",magnitude,"크기, 중요성"
CH2,"-tude (성질, 상태)",altitude,고도
CH2,"-tude (성질, 상태)",solitude,고독
CH2,"-acy / -cy (상태, 지위)",literacy,문해력
CH2,"-acy / -cy (상태, 지위)",accuracy,정확성
CH2,"-acy / -cy (상태, 지위)",democracy,민주주의
CH2,"-acy / -cy (상태, 지위)",legacy,유산
CH2,"-acy / -cy (상태, 지위)",supremacy,"패권, 우월"
CH2,"-dom (상태, 영역)",freedom,자유
CH2,"-dom (상태, 영역)",kingdom,왕국
CH2,"-dom (상태, 영역)",wisdom,지혜
CH2,"-dom (상태, 영역)",boredom,지루함
CH2,"-dom (상태, 영역)",stardom,"스타의 지위, 스타의 반열"
CH2,"-hood (상태, 신분)",childhood,어린 시절
CH2,"-hood (상태, 신분)",neighborhood,"이웃, 근처"
CH2,"-hood (상태, 신분)",adulthood,성인기
CH2,"-hood (상태, 신분)",brotherhood,형제애
CH2,"-hood (상태, 신분)",likelihood,가능성
CH2,"-ence / -ance (상태, 행위)",existence,존재
CH2,"-ence / -ance (상태, 행위)",difference,차이
CH2,"-ence / -ance (상태, 행위)",influence,영향
CH2,"-ence / -ance (상태, 행위)",preference,선호
CH2,"-ence / -ance (상태, 행위)",confidence,자신감
CH2,"-ence / -ance (상태, 행위)",performance,"공연, 수행"
CH2,"-ence / -ance (상태, 행위)",importance,중요성
CH2,"-ence / -ance (상태, 행위)",appearance,"출현, 외모"
CH2,"-ence / -ance (상태, 행위)",resistance,저항
CH2,"-ence / -ance (상태, 행위)",attendance,출석
CH2,"-ence / -ance (상태, 행위)",evidence,증거
CH2,"-tion / -sion (행위, 상태)",action,행동
CH2,"-tion / -sion (행위, 상태)",decision,결정
CH2,"-tion / -sion (행위, 상태)",creation,창조
CH2,"-tion / -sion (행위, 상태)",discussion,토론
CH2,"-tion / -sion (행위, 상태)",expansion,확장
CH2,"-ment (행위, 결과, 상태)",movement,움직임
CH2,"-ment (행위, 결과, 상태)",development,"발전, 개발"
CH2,"-ment (행위, 결과, 상태)",improvement,"개선, 향상"
CH2,"-ment (행위, 결과, 상태)",achievement,"성취, 업적"
CH2,"-ment (행위, 결과, 상태)",punishment,처벌
CH2,"-age (행위, 집합, 상태, 결과)",marriage,결혼
CH2,"-age (행위, 집합, 상태, 결과)",baggage,수하물
CH2,"-age (행위, 집합, 상태, 결과)",damage,피해
CH2,"-age (행위, 집합, 상태, 결과)",percentage,백분율
CH2,"-age (행위, 집합, 상태, 결과)",village,마을
CH2,"-er / -or (사람, 행위자, 직업)",teacher,교사
CH2,"-er / -or (사람, 행위자, 직업)",worker,노동자
CH2,"-er / -or (사람, 행위자, 직업)",farmer,농부
CH2,"-er / -or (사람, 행위자, 직업)",actor,배우
CH2,"-er / -or (사람, 행위자, 직업)",inventor,발명가
CH2,-ee (~당하는 사람: 피동적 수혜자),employee,"피고용인, 직원"
CH2,-ee (~당하는 사람: 피동적 수혜자),trainee,수습생
CH2,-ee (~당하는 사람: 피동적 수혜자),interviewee,피면접자
CH2,-ee (~당하는 사람: 피동적 수혜자),addressee,수신인
CH2,-ee (~당하는 사람: 피동적 수혜자),nominee,후보자
CH2,"-ist (사람, 신봉자: 직업, 사상)",artist,예술가
CH2,"-ist (사람, 신봉자: 직업, 사상)",scientist,과학자
CH2,"-ist (사람, 신봉자: 직업, 사상)",tourist,여행자
CH2,"-ist (사람, 신봉자: 직업, 사상)",dentist,치과의사
CH2,"-ist (사람, 신봉자: 직업, 사상)",realist,현실주의자
CH2,"-eer (직업, 행위자)",engineer,기술자
CH2,"-eer (직업, 행위자)",volunteer,자원봉사자
CH2,"-eer (직업, 행위자)",mountaineer,등산가
CH2,"-eer (직업, 행위자)",pioneer,개척자
CH2,"-eer (직업, 행위자)",auctioneer,경매인
CH2,"-ster (사람: 비격식, 종종 부정적 뉘앙스)",youngster,청년
CH2,"-ster (사람: 비격식, 종종 부정적 뉘앙스)",gangster,갱스터
CH2,"-ster (사람: 비격식, 종종 부정적 뉘앙스)",hipster,힙스터
CH2,"-ster (사람: 비격식, 종종 부정적 뉘앙스)",trickster,사기꾼
CH2,"-ster (사람: 비격식, 종종 부정적 뉘앙스)",songster,"가수, 시인"
CH2,"-let : (축소형: 작은 것, 새끼)",piglet,돼지 새끼
CH2,"-let : (축소형: 작은 것, 새끼)",booklet,소책자
CH2,"-let : (축소형: 작은 것, 새끼)",leaflet,"전단지, 소책자"
CH2,"-let : (축소형: 작은 것, 새끼)",droplet,물방울
CH2,"-let : (축소형: 작은 것, 새끼)",bracelet,팔찌
CH2,"-kin (축소형: 작은 것, 친밀감)",napkin,냅킨
CH2,"-kin (축소형: 작은 것, 친밀감)",lambkin,어린 양
CH2,"-kin (축소형: 작은 것, 친밀감)",manikin,"마네킹, 왜소한 사람"
CH2,"-kin (축소형: 작은 것, 친밀감)",pumpkin,호박
CH2,"-kin (축소형: 작은 것, 친밀감)",bumpkin,시골뜨기
CH2,"-ery / -ary / -ory (집합, 장소)",slavery,노예제
CH2,"-ery / -ary / -ory (집합, 장소)",robbery,"강도, 약탈"
CH2,"-ery / -ary / -ory (집합, 장소)",dictionary,사전
CH2,"-ery / -ary / -ory (집합, 장소)",bakery,빵집
CH2,"-ery / -ary / -ory (집합, 장소)",winery,양조장
CH2,"-ery / -ary / -ory (집합, 장소)",library,도서관
CH2,"-ery / -ary / -ory (집합, 장소)",laboratory,실험실
CH2,"-ery / -ary / -ory (집합, 장소)",dormitory,기숙사
CH2,"-ery / -ary / -ory (집합, 장소)",territory,영토
CH2,"-ery / -ary / -ory (집합, 장소)",repository,저장소
CH2,"-ery / -ary / -ory (집합, 장소)",machinery,기계류
CH2,"-ism (주의, 사상, 체제 + 부정행위)",capitalism,자본주의
CH2,"-ism (주의, 사상, 체제 + 부정행위)",liberalism,자유주의
CH2,"-ism (주의, 사상, 체제 + 부정행위)",idealism,이상주의
CH2,"-ism (주의, 사상, 체제 + 부정행위)",feminism,여성주의
CH2,"-ism (주의, 사상, 체제 + 부정행위)",nationalism,민족주의
CH2,"-ism (주의, 사상, 체제 + 부정행위)",totalitarianism,전체주의
CH2,"-ism (주의, 사상, 체제 + 부정행위)",monarchism,군주제
CH2,"-ism (주의, 사상, 체제 + 부정행위)",colonialism,식민주의
CH2,"-ism (주의, 사상, 체제 + 부정행위)",imperialism,제국주의
CH2,"-ism (주의, 사상, 체제 + 부정행위)",socialism,사회주의
CH2,"-ism (주의, 사상, 체제 + 부정행위)",communism,공산주의
CH2,"-ism (주의, 사상, 체제 + 부정행위)",realism,현실주의
CH2,"-ism (주의, 사상, 체제 + 부정행위)",romanticism,낭만주의
CH2,"-ism (주의, 사상, 체제 + 부정행위)",modernism,근대주의
CH2,"-ism (주의, 사상, 체제 + 부정행위)",postmodernism,탈근대주의
CH2,"-ism (주의, 사상, 체제 + 부정행위)",criticism,"비판, 비난"
CH2,"-ism (주의, 사상, 체제 + 부정행위)",plagiarism,표절
CH2,"-ism (주의, 사상, 체제 + 부정행위)",alcoholism,알코올 중독
CH2,"-ism (주의, 사상, 체제 + 부정행위)",egoism,자기중심주의
CH2,"-ism (주의, 사상, 체제 + 부정행위)",terrorism,테러 행위
CH2,"-ology (학문, ~학)",biology,생물학
CH2,"-ology (학문, ~학)",psychology,심리학
CH2,"-ology (학문, ~학)",geology,지질학
CH2,"-ology (학문, ~학)",sociology,사회학
CH2,"-ology (학문, ~학)",theology,신학
CH2,"-cracy (통치, 지배)",democracy,민주주의
CH2,"-cracy (통치, 지배)",bureaucracy,관료제
CH2,"-cracy (통치, 지배)",aristocracy,귀족 정치
CH2,"-cracy (통치, 지배)",autocracy,독재 정치
CH2,"-cracy (통치, 지배)",meritocracy,능력주의 사회
CH2,"-gram (기록, 도형)",telegram,전보
CH2,"-gram (기록, 도형)",anagram,애너그램
CH2,"-gram (기록, 도형)",diagram,"도형, 도표"
CH2,"-gram (기록, 도형)",hologram,"입체 영상, 홀로그램"
CH2,"-gram (기록, 도형)",monogram,머리글자 장식
CH2,-ous / -ious (~의 성질을 가진),curious,호기심 많은
CH2,-ous / -ious (~의 성질을 가진),delicious,"맛있는, 즐거운"
CH2,-ous / -ious (~의 성질을 가진),famous,유명한
CH2,-ous / -ious (~의 성질을 가진),dangerous,위험한
CH2,-ous / -ious (~의 성질을 가진),various,다양한
CH2,-ive (~의 성질을 가진),active,활동적인
CH2,-ive (~의 성질을 가진),creative,창의적인
CH2,-ive (~의 성질을 가진),sensitive,민감한
CH2,-ive (~의 성질을 가진),aggressive,공격적인
CH2,-ive (~의 성질을 가진),talkative,말이 많은
CH2,"-ent / -ant (성질, 상태)",different,다른
CH2,"-ent / -ant (성질, 상태)",important,중요한
CH2,"-ent / -ant (성질, 상태)",dependent,의존적인
CH2,"-ent / -ant (성질, 상태)",brilliant,빛나는
CH2,"-ent / -ant (성질, 상태)",resistant,저항하는
CH2,-ate (~의 성질의),delicate,섬세한
CH2,-ate (~의 성질의),passionate,열정적인
CH2,-ate (~의 성질의),fortunate,운이 좋은
CH2,-ate (~의 성질의),considerate,사려 깊은
CH2,-ate (~의 성질의),accurate,정확한
CH2,"-some (성질, 경향)",troublesome,"귀찮은, 성가신"
CH2,"-some (성질, 경향)",fearsome,무서운
CH2,"-some (성질, 경향)",handsome,잘생긴
CH2,"-some (성질, 경향)",tiresome,"지루한, 피곤하게 하는"
CH2,"-some (성질, 경향)",winsome,매력적인
CH2,-al (~의),natural,"자연의, 자연스러운"
CH2,-al (~의),cultural,문화의
CH2,-al (~의),personal,개인의
CH2,-al (~의),traditional,전통적인
CH2,-al (~의),historical,역사적인
CH2,-ary / -ory (~의),necessary,필요한
CH2,-ary / -ory (~의),customary,관습적인
CH2,-ary / -ory (~의),honorary,"명예의, 명예직의"
CH2,-ary / -ory (~의),compulsory,"강제적인, 의무적인"
CH2,-ary / -ory (~의),sensory,감각의
CH2,"-able / -ible (능력, 가능성)",capable,능력 있는
CH2,"-able / -ible (능력, 가능성)",reliable,믿을 수 있는
CH2,"-able / -ible (능력, 가능성)",acceptable,받아들일 만한
CH2,"-able / -ible (능력, 가능성)",available,이용 가능한
CH2,"-able / -ible (능력, 가능성)",edible,"먹을 수 있는, 식용의"
CH2,-ful (~으로 가득한),hopeful,희망적인
CH2,-ful (~으로 가득한),careful,조심하는
CH2,-ful (~으로 가득한),beautiful,아름다운
CH2,-ful (~으로 가득한),graceful,품위 있는
CH2,-ful (~으로 가득한),thoughtful,사려 깊은
CH2,"-ly (형용사형, ~한, 성질·성향)",friendly,"친근한, 우호적인"
CH2,"-ly (형용사형, ~한, 성질·성향)",manly,남자다운
CH2,"-ly (형용사형, ~한, 성질·성향)",lovely,사랑스러운
CH2,"-ly (형용사형, ~한, 성질·성향)",lonely,외로운
CH2,"-ly (형용사형, ~한, 성질·성향)",heavenly,"천국 같은, 아주 좋은"
CH2,"-ly (형용사형, ~한, 성질·성향)",motherly,자애로운
CH2,"-ly (형용사형, ~한, 성질·성향)",fatherly,"인자한, 부성적인"
CH2,"-ly (형용사형, ~한, 성질·성향)",brotherly,우애 있는
CH2,"-ly (형용사형, ~한, 성질·성향)",scholarly,학구적인
CH2,"-ly (형용사형, ~한, 성질·성향)",cowardly,비겁한
CH2,"-ly (형용사형, ~한, 성질·성향)",saintly,성스러운
CH2,"-less (없는, 결핍된)",hopeless,절망적인
CH2,"-less (없는, 결핍된)",careless,조심성 없는
CH2,"-less (없는, 결핍된)",endless,끝없는
CH2,"-less (없는, 결핍된)",useless,쓸모 없는
CH2,"-less (없는, 결핍된)",powerless,무력한
CH2,"-less (없는, 결핍된)",homeless,노숙자 상태의
CH2,"-less (없는, 결핍된)",pointless,무의미한
CH2,"-less (없는, 결핍된)",fearless,대담한
CH2,"-less (없는, 결핍된)",speechless,말을 못하는
CH2,"-less (없는, 결핍된)",restless,"불안한, 가만히 못 있는"
CH2,"-ic (~적인, ~의, 주로 학문·성질)",historic,역사적인
CH2,"-ic (~적인, ~의, 주로 학문·성질)",poetic,시적인
CH2,"-ic (~적인, ~의, 주로 학문·성질)",scientific,과학적인
CH2,"-ic (~적인, ~의, 주로 학문·성질)",economic,경제적인
CH2,"-ic (~적인, ~의, 주로 학문·성질)",dramatic,극적인
CH2,"-ish (~스러운, 다소 ~한, 경향·성질)",childish,어린애 같은
CH2,"-ish (~스러운, 다소 ~한, 경향·성질)",foolish,바보 같은
CH2,"-ish (~스러운, 다소 ~한, 경향·성질)",selfish,이기적인
CH2,"-ish (~스러운, 다소 ~한, 경향·성질)",bookish,"책만 좋아하는, 현학적인"
CH2,"-ish (~스러운, 다소 ~한, 경향·성질)",boyish,소년 같은
CH2,"-ify (~하게 만들다, 라틴어 -ficare)",simplify,단순하게 하다
CH2,"-ify (~하게 만들다, 라틴어 -ficare)",clarify,명확하게 하다
CH2,"-ify (~하게 만들다, 라틴어 -ficare)",justify,정당화하다
CH2,"-ify (~하게 만들다, 라틴어 -ficare)",notify,"알리다, 통지하다"
CH2,"-ify (~하게 만들다, 라틴어 -ficare)",intensify,강화하다
CH2,"-ify (~하게 만들다, 라틴어 -ficare)",beautify,아름답게 하다
CH2,"-ify (~하게 만들다, 라틴어 -ficare)",modify,수정하다
CH2,"-ify (~하게 만들다, 라틴어 -ficare)",qualify,자격을 주다
CH2,"-ify (~하게 만들다, 라틴어 -ficare)",classify,분류하다
CH2,"-ify (~하게 만들다, 라틴어 -ficare)",identify,식별하다
CH2,"-ate (동사, ~하게 하다)",activate,활성화하다
CH2,"-ate (동사, ~하게 하다)",separate,분리하다
CH2,"-ate (동사, ~하게 하다)",motivate,동기부여하다
CH2,"-ate (동사, ~하게 하다)",dominate,지배하다
CH2,"-ate (동사, ~하게 하다)",generate,"낳다, 발생시키다"
CH2,"-ate (동사, ~하게 하다)",eliminate,제거하다
CH2,"-ate (동사, ~하게 하다)",appreciate,"감사하다, 감상하다"
CH2,"-ate (동사, ~하게 하다)",facilitate,용이하게 하다
CH2,"-ate (동사, ~하게 하다)",coordinate,조정하다
CH2,"-ate (동사, ~하게 하다)",cultivate,"경작하다, 기르다"
CH2,"-en (형용사 → 동사, ~하게 하다)",strengthen,강화하다
CH2,"-en (형용사 → 동사, ~하게 하다)",broaden,넓히다
CH2,"-en (형용사 → 동사, ~하게 하다)",widen,넓히다
CH2,"-en (형용사 → 동사, ~하게 하다)",shorten,줄이다
CH2,"-en (형용사 → 동사, ~하게 하다)",lighten,"가볍게 하다, 밝게 하다"
CH2,"-en (형용사 → 동사, ~하게 하다)",darken,어둡게 하다
CH2,"-en (형용사 → 동사, ~하게 하다)",harden,단단하게 하다
CH2,"-en (형용사 → 동사, ~하게 하다)",soften,부드럽게 하다
CH2,"-en (형용사 → 동사, ~하게 하다)",loosen,"느슨하게 하다, 풀다"
CH2,"-en (형용사 → 동사, ~하게 하다)",weaken,약화시키다
CH2,"-ize (~화하다, ~하게 하다)",realize,실현하다
CH2,"-ize (~화하다, ~하게 하다)",organize,조직하다
CH2,"-ize (~화하다, ~하게 하다)",modernize,현대화하다
CH2,"-ize (~화하다, ~하게 하다)",apologize,사과하다
CH2,"-ize (~화하다, ~하게 하다)",maximize,최대화하다
CH2,"-ize (~화하다, ~하게 하다)",minimize,최소화하다
CH2,"-ize (~화하다, ~하게 하다)",characterize,특징짓다
CH2,"-ize (~화하다, ~하게 하다)",globalize,세계화하다
CH2,"-ize (~화하다, ~하게 하다)",prioritize,우선시하다
CH2,"-ize (~화하다, ~하게 하다)",recognize,인식하다
CH2,"-ly (부사형, ~하게, 형용사 → 부사)",quickly,빠르게
CH2,"-ly (부사형, ~하게, 형용사 → 부사)",slowly,천천히
CH2,"-ly (부사형, ~하게, 형용사 → 부사)",easily,쉽게
CH2,"-ly (부사형, ~하게, 형용사 → 부사)",happily,행복하게
CH2,"-ly (부사형, ~하게, 형용사 → 부사)",suddenly,갑자기
CH2,"-ward(s) (~쪽으로, 방향성)",forward,앞으로
CH2,"-ward(s) (~쪽으로, 방향성)",backward,뒤로
CH2,"-ward(s) (~쪽으로, 방향성)",backward,위로
CH2,"-ward(s) (~쪽으로, 방향성)",backward,아래로
CH2,"-ward(s) (~쪽으로, 방향성)",backward,북쪽으로
CH2,"-wardly (부사형, ~하게, ~성향으로)",outwardly,겉으로는
CH2,"-wardly (부사형, ~하게, ~성향으로)",inwardly,"내심, 속으로"
CH2,"-wardly (부사형, ~하게, ~성향으로)",forwardly,"앞으로, 진취적으로"
CH2,"-wardly (부사형, ~하게, ~성향으로)",backwardly,"뒤로, 소극적으로"
CH2,"-wardly (부사형, ~하게, ~성향으로)",upwardly,위쪽으로
CH2,"-wise (~방식으로, ~방향으로)",clockwise,시계 방향으로
CH2,"-wise (~방식으로, ~방향으로)",likewise,마찬가지로
CH2,"-wise (~방식으로, ~방향으로)",otherwise,"다른 방식으로, 그렇지 않으면"
CH2,"-wise (~방식으로, ~방향으로)",edgewise,모서리 방향으로
CH2,"-wise (~방식으로, ~방향으로)",careerwise,진로 면에서
CH3,spect (보다),aspect,"양상, 측면"
CH3,spect (보다),expect,기대하다
CH3,spect (보다),prospect,"전망, 가능성"
CH3,spect (보다),suspect,의심하다; 용의자
CH3,spect (보다),spectator,관중
CH3,spect (보다),spectacle,구경거리
CH3,spect (보다),spectacular,장관의
CH3,spect (보다),spectrum,"스펙트럼, 영역"
CH3,spect (보다),retrospect,회상
CH3,spect (보다),introspect,성찰하다
CH3,spect (보다),perspective,"관점, 원근법"
CH3,spect (보다),inspect,조사하다
CH3,spect (보다),respect,존경하다
CH3,spect (보다),speculate,추측하다
CH3,spect (보다),specter,"유령, 망령"
CH3,spect (보다),conspicuous,눈에 띄는
CH3,"scop (보다, 조사하다)",scope,"범위, 시야"
CH3,"scop (보다, 조사하다)",telescope,망원경
CH3,"scop (보다, 조사하다)",microscope,현미경
CH3,"scop (보다, 조사하다)",periscope,잠망경
CH3,aud (듣다),audio,"소리, 음향"
CH3,aud (듣다),audible,들을 수 있는
CH3,aud (듣다),audience,청중
CH3,aud (듣다),auditorium,"강당, 강연장"
CH3,aud (듣다),auditory,청각의
CH3,sens (느끼다),sense,"감각, 의미"
CH3,sens (느끼다),sensitive,민감한
CH3,sens (느끼다),sensible,"분별 있는, 현명한"
CH3,sens (느끼다),resent,분개하다
CH3,sens (느끼다),consent,동의하다
CH3,phon (소리),telephone,전화기
CH3,phon (소리),symphony,"교향곡, 화음"
CH3,phon (소리),microphone,"마이크, 확성기"
CH3,phon (소리),phonetic,"음성의, 발음의"
CH3,phon (소리),phonic,음성의
CH3,voc / vok (부르다),vocal,"목소리의, 발성의"
CH3,voc / vok (부르다),vocabulary,"단어집, 어휘"
CH3,voc / vok (부르다),advocate,"옹호하다, 옹호자"
CH3,voc / vok (부르다),provoke,도발하다
CH3,voc / vok (부르다),evoke,"환기하다, 불러일으키다"
CH3,"geo (땅, 지구)",geography,지리학
CH3,"geo (땅, 지구)",geology,지질학
CH3,"geo (땅, 지구)",geometry,기하학
CH3,"geo (땅, 지구)",geopolitics,지정학
CH3,"geo (땅, 지구)",geothermal,지열의
CH3,terr (땅),territory,영토
CH3,terr (땅),terrain,"지형, 지세"
CH3,terr (땅),terrestrial,"지구의, 육지의"
CH3,terr (땅),extraterrestrial,외계의
CH3,terr (땅),Mediterranean,지중해
CH3,tele (멀리),telephone,전화
CH3,tele (멀리),telepathy,"정신감응, 텔레파시"
CH3,tele (멀리),telescope,망원경
CH3,tele (멀리),teleport,순간 이동하다
CH3,tele (멀리),teleconference,원격 회의
CH3,"bio (생명, 삶)",biology,생물학
CH3,"bio (생명, 삶)",biography,"전기, 일대기"
CH3,"bio (생명, 삶)",antibiotic,항생제
CH3,"bio (생명, 삶)",biodegradable,생분해성의
CH3,"bio (생명, 삶)",biodiversity,생물 다양성
CH3,therm (열),thermal,열의
CH3,therm (열),thermometer,온도계
CH3,therm (열),geothermal,지열의
CH3,therm (열),hypothermia,저체온증
CH3,therm (열),thermodynamics,열역학
CH3,chrono- / chroni- (시간),chronic,만성적인
CH3,chrono- / chroni- (시간),chronicle,"연대기, 기록"
CH3,chrono- / chroni- (시간),chronology,"연표, 연대학"
CH3,chrono- / chroni- (시간),synchronize,"동시에 맞추다, 동기화하다"
CH3,chrono- / chroni- (시간),synchronous,동시에 일어나는
CH3,"aero- / air- (공기, 대기, 항공)",aerobic,유산소의
CH3,"aero- / air- (공기, 대기, 항공)",aerospace,항공우주
CH3,"aero- / air- (공기, 대기, 항공)",aeroplane,비행기
CH3,"aero- / air- (공기, 대기, 항공)",aerodynamic,공기역학의
CH3,"aero- / air- (공기, 대기, 항공)",aeronautics,항공학
CH3,"aero- / air- (공기, 대기, 항공)",aircraft,항공기
CH3,"aero- / air- (공기, 대기, 항공)",airline,항공사
CH3,"aero- / air- (공기, 대기, 항공)",airfare,항공 요금
CH3,"aero- / air- (공기, 대기, 항공)",airborne,공중에 떠 있는
CH3,"aero- / air- (공기, 대기, 항공)",airtight,밀폐된
CH3,"aero- / air- (공기, 대기, 항공)",airstream,기류
CH3,hydr (물),hydropower,수력
CH3,hydr (물),dehydrate,탈수시키다
CH3,hydr (물),hydrant,소화전
CH3,hydr (물),hydraulic,"수력의, 유압의"
CH3,hydr (물),hydrogen,수소
CH3,aqua (물),aquatic,"물의, 수생의"
CH3,aqua (물),aquarium,수족관
CH3,aqua (물),aqueduct,송수로
CH3,aqua (물),aquaculture,양식업
CH3,aqua (물),aquapark,워터파크
CH3,photo / lumin / luc (빛),photograph,사진
CH3,photo / lumin / luc (빛),photography,사진술
CH3,photo / lumin / luc (빛),photogenic,사진빨 잘 받는
CH3,photo / lumin / luc (빛),photocopy,"복사, 복사하다"
CH3,photo / lumin / luc (빛),photosynthesis,광합성
CH3,photo / lumin / luc (빛),illuminate,"밝히다, 계몽하다"
CH3,photo / lumin / luc (빛),luminary,"권위자, 지도자"
CH3,photo / lumin / luc (빛),luminous,"빛나는, 밝은"
CH3,photo / lumin / luc (빛),lucid,"명료한, 맑은"
CH3,photo / lumin / luc (빛),lucifer,"새벽별, 루시퍼"
CH3,photo / lumin / luc (빛),elucidate,명확히 설명하다
CH3,astro / aster (별),astronomy,천문학
CH3,astro / aster (별),astronomical,"천문학적인, 엄청난"
CH3,astro / aster (별),astronaut,우주 비행사
CH3,astro / aster (별),astronomer,천문학자
CH3,astro / aster (별),asteroid,소행성
CH3,astro / aster (별),disaster,재앙
CH3,stell (별),stellar,"별의, 뛰어난"
CH3,stell (별),constellation,별자리
CH3,stell (별),interstellar,성간의
CH3,stell (별),stelliform,별 모양의
CH3,tox (독),toxic,독성의
CH3,tox (독),detoxify,해독하다
CH3,tox (독),intoxicate,"중독시키다, 취하게 하다"
CH3,tox (독),toxin,독소
CH3,tox (독),antitoxin,항독소
CH3,mar (바다),marine,"바다의, 해양의"
CH3,mar (바다),submarine,"잠수함, 해저의"
CH3,mar (바다),maritime,"해양의, 바다의"
CH3,mar (바다),marina,"작은 항구, 요트 정박지"
CH3,mar (바다),aquamarine,"청록색, 남옥"
CH3,"mono- (하나, 혼자)",monologue,독백
CH3,"mono- (하나, 혼자)",monopoly,독점
CH3,"mono- (하나, 혼자)",monotone,단조로운 소리
CH3,"mono- (하나, 혼자)",monarchy,군주제
CH3,"mono- (하나, 혼자)",monolingual,단일 언어의
CH3,uni- (하나),unit,"단위, 구성 요소"
CH3,uni- (하나),uniform,"제복, 획일적인"
CH3,uni- (하나),universe,우주
CH3,uni- (하나),university,"대학, 대학 공동체"
CH3,uni- (하나),universal,"보편적인, 전체적인"
CH3,uni- (하나),unique,"유일한, 독특한"
CH3,uni- (하나),unify,통합하다
CH3,uni- (하나),unity,"통일, 단결"
CH3,uni- (하나),unicorn,유니콘
CH3,uni- (하나),unanimous,만장일치의
CH3,bi- (둘),bicycle,자전거
CH3,bi- (둘),binary,"이진법, 이진의"
CH3,bi- (둘),bilingual,이중 언어의
CH3,bi- (둘),biannual,반년마다
CH3,bi- (둘),biodegradable,생분해성의
CH3,di- (둘),dioxide,이산화물
CH3,di- (둘),dilemma,딜레마
CH3,di- (둘),diploma,두 번 접은 증서(공식 문서는 두 번 접었음)
CH3,di- (둘),diploma,졸업장
CH3,di- (둘),dichotomy,이분법
CH3,di- (둘),diameter,지름
CH3,tri- (셋),triangle,삼각형
CH3,tri- (셋),triple,"세 겹, 3배"
CH3,tri- (셋),trio,"3인조, 삼중창단"
CH3,tri- (셋),tricycle,세발자전거
CH3,tri- (셋),trilingual,삼개국어 구사자
CH3,quadri- / quart- (넷),quadruple,4배
CH3,quadri- / quart- (넷),quarter,"1/4, 25%, 4분의 1"
CH3,quadri- / quart- (넷),quarantine,격리
CH3,quadri- / quart- (넷),quadrangle,사각형
CH3,quadri- / quart- (넷),quarterly,분기별의
CH3,dec- / deca- (열),decade,"10년, 10년간"
CH3,dec- / deca- (열),decimal,"소수, 십진법"
CH3,dec- / deca- (열),decibel,데시벨
CH3,dec- / deca- (열),decathlon,데카트론(=10종 경기)
CH3,dec- / deca- (열),decagon,십각형
CH3,"multi- (많음, 다양한)",multicultural,다문화의
CH3,"multi- (많음, 다양한)",multitude,"다수, 군중"
CH3,"multi- (많음, 다양한)",multinational,다국가의
CH3,"multi- (많음, 다양한)",multipurpose,다용도(의)
CH3,"multi- (많음, 다양한)",multiply,겹치다)
CH3,"multi- (많음, 다양한)",multiply,"곱하다, 증가시키다"
CH3,"omni- (모두, 전부)",omnivore,잡식동물
CH3,"omni- (모두, 전부)",omnivorous,잡식성의
CH3,"omni- (모두, 전부)",omnibus,"여러 가지를 다룬 책, 작품집"
CH3,"omni- (모두, 전부)",omnidirectional,모든 방향의
CH3,"omni- (모두, 전부)",omniscient,전지한
CH3,"pan- (모두, 전부)",pandemic,전염병
CH3,"pan- (모두, 전부)",panorama,파노라마
CH3,"pan- (모두, 전부)",pantheon,만신전
CH3,"pan- (모두, 전부)",pantomime,무언극
CH3,"pan- (모두, 전부)",pan-European,범유럽의
CH3,"semi- / hemi- / demi- (절반, 부분)",semicircle,반원
CH3,"semi- / hemi- / demi- (절반, 부분)",semifinal,준결승
CH3,"semi- / hemi- / demi- (절반, 부분)",semiconscious,반의식 상태
CH3,"semi- / hemi- / demi- (절반, 부분)",semiconductor,반도체
CH3,"semi- / hemi- / demi- (절반, 부분)",hemisphere,"반구 (지구의 북반구, 남반구)"
CH3,micro- (작음),microscope,현미경
CH3,micro- (작음),microorganism,미생물
CH3,micro- (작음),microchip,마이크로칩
CH3,micro- (작음),microphone,마이크
CH3,micro- (작음),microwave,"전자레인지, 극초단파"
CH3,"macro- (큰, 긴)",macrowave,장파
CH3,"macro- (큰, 긴)",macrostructure,큰 구조
CH3,"macro- (큰, 긴)",macroscopic,눈에 보이는
CH3,"macro- (큰, 긴)",macro,매크로
CH3,"macro- (큰, 긴)",macroeconomics,거시경제학
CH3,mini- (작은),minimal,최소한의
CH3,mini- (작은),minimize,최소화하다
CH3,mini- (작은),miniature,축소 모형
CH3,mini- (작은),miniskirt,짧은 치마
CH3,mini- (작은),minibus,소형 버스
CH3,"mega- (큰, 거대한)",megaphone,확성기
CH3,"mega- (큰, 거대한)",megapolis,거대 도시
CH3,"mega- (큰, 거대한)",megaproject,초대형 프로젝트
CH3,"mega- (큰, 거대한)",megahit,대히트작
CH3,"mega- (큰, 거대한)",megastore,초대형 매장
CH3,mens / met (측정),measure,"측정하다, 조치"
CH3,mens / met (측정),immense,"엄청난, 막대한"
CH3,mens / met (측정),commensurate,"상응하는, 비례한"
CH3,mens / met (측정),immeasurable,헤아릴 수 없는
CH3,mens / met (측정),dimension,"차원, 크기"
CH3,"norm (규칙, 표준)",normal,"정상적인, 보통의"
CH3,"norm (규칙, 표준)",abnormal,비정상적인
CH3,"norm (규칙, 표준)",enormous,엄청난
CH3,"norm (규칙, 표준)",normative,규범적인
CH3,"norm (규칙, 표준)",subnormal,"저능한, 정상 이하의"
CH3,"equ (같다, 동일하다)",equal,"같은, 평등한"
CH3,"equ (같다, 동일하다)",equity,"공평, 형평"
CH3,"equ (같다, 동일하다)",equivalent,"동등한, 상당하는"
CH3,"equ (같다, 동일하다)",equilibrium,"평형, 균형"
CH3,"equ (같다, 동일하다)",equator,"적도 mod (방식, 척도)"
CH3,"mod (방식, 척도)",mode,"방식, 양식, 유행"
CH3,"mod (방식, 척도)",modify,"수정하다, 변경하다"
CH3,"mod (방식, 척도)",modest,"겸손한, 적당한"
CH3,"mod (방식, 척도)",modulate,"조절하다, 변조하다"
CH3,"mod (방식, 척도)",accommodate,"적응하다, 수용하다"
CH3,dict (말하다),predict,예언하다
CH3,dict (말하다),dictate,"명령하다, 받아쓰기하다"
CH3,dict (말하다),dictionary,사전
CH3,dict (말하다),verdict,평결
CH3,dict (말하다),contradict,반박하다
CH3,nounce (알리다),announce,"발표하다, 알리다"
CH3,nounce (알리다),pronounce,발음하다
CH3,nounce (알리다),denounce,비난하다
CH3,nounce (알리다),renounce,포기하다
CH3,nounce (알리다),enounce,"분명히 말하다, 공표하다"
CH3,"log (말, 학문)",dialogue,대화
CH3,"log (말, 학문)",monologue,독백
CH3,"log (말, 학문)",prologue,"서문, 머리말"
CH3,"log (말, 학문)",epilogue,"맺음말, 후기"
CH3,"log (말, 학문)",analogy,"유추, 비유"
CH3,scrib / script (쓰다),describe,묘사하다
CH3,scrib / script (쓰다),subscribe,구독하다
CH3,scrib / script (쓰다),ascribe,"탓하다, 귀속시키다"
CH3,scrib / script (쓰다),manuscript,원고
CH3,scrib / script (쓰다),prescription,처방전
CH3,"graph / gram (쓰다, 기록하다)",autograph,사인
CH3,"graph / gram (쓰다, 기록하다)",photograph,사진
CH3,"graph / gram (쓰다, 기록하다)",biography,전기
CH3,"graph / gram (쓰다, 기록하다)",diagram,"도식, 도표"
CH3,"graph / gram (쓰다, 기록하다)",telegram,전보
CH3,"claim (외치다, 주장하다)",claim,주장하다
CH3,"claim (외치다, 주장하다)",exclaim,"외치다, 소리치다"
CH3,"claim (외치다, 주장하다)",reclaim,되찾다
CH3,"claim (외치다, 주장하다)",proclaim,"선포하다, 선언하다"
CH3,"claim (외치다, 주장하다)",disclaim,"부인하다, 포기하다"
CH3,jud / jur / jus (법),judge,"판사, 판단하다"
CH3,jud / jur / jus (법),judgment,"판단, 판결"
CH3,jud / jur / jus (법),judicial,"사법의, 재판의"
CH3,jud / jur / jus (법),prejudice,편견
CH3,jud / jur / jus (법),jury,배심원단
CH3,jud / jur / jus (법),juror,배심원
CH3,jud / jur / jus (법),perjury,"위증, 거짓 선서"
CH3,jud / jur / jus (법),justice,"정의, 사법, 재판관"
CH3,jud / jur / jus (법),justify,정당화하다
CH3,jud / jur / jus (법),just,"정당한, 공정한"
CH3,"leg (법, 합법)",legal,합법적인
CH3,"leg (법, 합법)",illegal,불법적인
CH3,"leg (법, 합법)",legitimate,"합법의, 정당한"
CH3,"leg (법, 합법)",legislation,입법
CH3,"leg (법, 합법)",legislature,"의회, 입법부"
CH3,"leg (법, 합법)",legislator,입법자
CH3,"leg (법, 합법)",legacy,유산
CH3,"leg (법, 합법)",privilege,특권
CH3,"leg (법, 합법)",delegate,"대표자, 위임하다"
CH3,"leg (법, 합법)",relegate,좌천시키다
CH3,crim (죄),crime,범죄
CH3,crim (죄),criminal,"범죄의, 범죄자"
CH3,crim (죄),criminology,범죄학
CH3,crim (죄),incriminate,"유죄로 만들다, 고소하다"
CH3,crim (죄),criminalize,범죄화하다
CH3,"ord (질서, 순서)",order,"순서, 명령"
CH3,"ord (질서, 순서)",ordinary,보통의
CH3,"ord (질서, 순서)",extraordinary,비범한
CH3,"ord (질서, 순서)",coordinate,조정하다
CH3,"ord (질서, 순서)",subordinate,"종속된, 하급자"
CH3,"civ (시민, 사회)",civil,"민간의, 문명의"
CH3,"civ (시민, 사회)",civilize,문명화하다
CH3,"civ (시민, 사회)",civilian,민간인
CH3,"civ (시민, 사회)",civic,"시민의, 도시의"
CH3,"civ (시민, 사회)",civilization,"문명, 문명화"
CH3,"poli (도시, 정치)",politics,정치
CH3,"poli (도시, 정치)",politician,정치인
CH3,"poli (도시, 정치)",policy,"정책, 방침"
CH3,"poli (도시, 정치)",metropolis,대도시
CH3,"poli (도시, 정치)",cosmopolitan,"세계인, 세계적인"
CH3,"port (나르다, 운반하다)",airport,공항
CH3,"port (나르다, 운반하다)",transport,운송하다
CH3,"port (나르다, 운반하다)",import,수입하다
CH3,"port (나르다, 운반하다)",export,수출하다
CH3,"port (나르다, 운반하다)",portable,휴대용의
CH3,"port (나르다, 운반하다)",report,보고하다
CH3,"port (나르다, 운반하다)",support,지원하다
CH3,"port (나르다, 운반하다)",deport,추방하다
CH3,"port (나르다, 운반하다)",opportunity,기회
CH3,"port (나르다, 운반하다)",rapport,"친밀한 관계, 교감"
CH3,"fer (나르다, 옮기다)",transfer,"옮기다, 이전하다"
CH3,"fer (나르다, 옮기다)",refer,"참조하다, 위임하다"
CH3,"fer (나르다, 옮기다)",prefer,선호하다
CH3,"fer (나르다, 옮기다)",confer,"수여하다, 협의하다"
CH3,"fer (나르다, 옮기다)",offer,제공하다
CH3,"fer (나르다, 옮기다)",defer,"미루다, 양보하다"
CH3,"fer (나르다, 옮기다)",ferry,"나룻배, 연락선"
CH3,"fer (나르다, 옮기다)",fertile,"비옥한, 생산적인"
CH3,"fer (나르다, 옮기다)",fertility,"비옥함, 다산"
CH3,"fer (나르다, 옮기다)",infer,추론하다
CH3,"migr (이동하다, 옮기다)",migrate,이주하다
CH3,"migr (이동하다, 옮기다)",immigration,이민
CH3,"migr (이동하다, 옮기다)",emigration,"이주, 이민"
CH3,"migr (이동하다, 옮기다)",migrant,"이주자, 계절 노동자"
CH3,"migr (이동하다, 옮기다)",migration,"이주, 이동"
CH3,"migr (이동하다, 옮기다)",migratory,"철새 같은, 이동하는"
CH3,"migr (이동하다, 옮기다)",immigrant,이민자
CH3,"migr (이동하다, 옮기다)",emigrant,이주민 )
CH3,"migr (이동하다, 옮기다)",remigrate,재이주하다
CH3,"migr (이동하다, 옮기다)",remigration,재이주
CH3,"duc (이끌다, 데려가다)",produce,생산하다
CH3,"duc (이끌다, 데려가다)",product,"산물, 제품"
CH3,"duc (이끌다, 데려가다)",educate,교육하다
CH3,"duc (이끌다, 데려가다)",introduce,소개하다
CH3,"duc (이끌다, 데려가다)",conduct,"지휘하다, 행동하다"
CH3,"duc (이끌다, 데려가다)",deduce,연역하다
CH3,"duc (이끌다, 데려가다)",induce,유도하다
CH3,"duc (이끌다, 데려가다)",reduce,줄이다 mit (보내다)
CH3,"duc (이끌다, 데려가다)",abduct,유괴하다
CH3,"duc (이끌다, 데려가다)",seduce,"유혹하다, 꾀다"
CH3,mit / mis (보내다),submit,"제출하다, 복종하다"
CH3,mit / mis (보내다),transmit,"전송하다, 전염시키다"
CH3,mit / mis (보내다),permit,허락하다
CH3,mit / mis (보내다),emit,방출하다
CH3,mit / mis (보내다),omit,생략하다
CH3,mit / mis (보내다),commit,"저지르다, 헌신하다"
CH3,mit / mis (보내다),admit,"인정하다, 입장을 허락하다"
CH3,mit / mis (보내다),promise,약속하다
CH3,mit / mis (보내다),dismiss,"해산시키다, 해고하다, 일축하다"
CH3,mit / mis (보내다),missile,"미사일, 투사체"
CH3,"tract (끌다, 당기다)",attract,"끌다, 매혹하다"
CH3,"tract (끌다, 당기다)",distract,산만하게 하다
CH3,"tract (끌다, 당기다)",contract,"수축하다, 계약하다"
CH3,"tract (끌다, 당기다)",extract,추출하다
CH3,"tract (끌다, 당기다)",subtract,"빼다, 감하다"
CH3,"tract (끌다, 당기다)",protract,연장하다
CH3,"tract (끌다, 당기다)",tractor,"트랙터, 끄는 기계"
CH3,"tract (끌다, 당기다)",retract,"철회하다, 움츠리다"
CH3,"tract (끌다, 당기다)",abstract,"추상적인, 추출하다, 요약하다"
CH3,"tract (끌다, 당기다)",detract,"가치를 떨어뜨리다, 손상시키다"
CH3,"pel (몰다, 내몰다)",expel,"추방하다, 몰아내다"
CH3,"pel (몰다, 내몰다)",compel,강요하다
CH3,"pel (몰다, 내몰다)",propel,추진하다
CH3,"pel (몰다, 내몰다)",repel,격퇴하다
CH3,"pel (몰다, 내몰다)",impel,"자극하다, 추진하다"
CH3,"via (길, 통로)",deviate,일탈하다
CH3,"via (길, 통로)",obviate,"방해하다, 제거하다"
CH3,"via (길, 통로)",previous,이전의
CH3,"via (길, 통로)",obvious,"분명한, 명백한"
CH3,"nav (배, 항해하다)",navy,"해군, 함대"
CH3,"nav (배, 항해하다)",navigate,"항해하다, 길을 찾다"
CH3,"nav (배, 항해하다)",naval,"해군의, 바다의"
CH3,"gress (나아가다, 걸어가다)",progress,"진보, 발전"
CH3,"gress (나아가다, 걸어가다)",regress,퇴보하다
CH3,"gress (나아가다, 걸어가다)",congress,"회의, 국회"
CH3,"gress (나아가다, 걸어가다)",aggressive,"공격적인, 적극적인"
CH3,"gress (나아가다, 걸어가다)",retrogress,"후퇴하다, 퇴보하다"
CH3,"vers / vert (돌리다, 바꾸다)",reverse,"거꾸로 하다, 뒤집다"
CH3,"vers / vert (돌리다, 바꾸다)",reversible,"되돌릴 수 있는, 가역적인"
CH3,"vers / vert (돌리다, 바꾸다)",irreversible,되돌릴 수 없는
CH3,"vers / vert (돌리다, 바꾸다)",convert,"전환하다, 개종하다"
CH3,"vers / vert (돌리다, 바꾸다)",conversion,"전환, 개종, 변환"
CH3,"vers / vert (돌리다, 바꾸다)",divert,"방향을 바꾸다, 전환하다"
CH3,"vers / vert (돌리다, 바꾸다)",advertise,광고하다
CH3,"vers / vert (돌리다, 바꾸다)",introvert,내향적인 사람
CH3,"vers / vert (돌리다, 바꾸다)",extrovert,외향적인 사람
CH3,"vers / vert (돌리다, 바꾸다)",invert,"거꾸로 하다, 전도하다"
CH3,"vers / vert (돌리다, 바꾸다)",subvert,"전복하다, 파괴하다"
CH3,"vers / vert (돌리다, 바꾸다)",pervert,"타락시키다, 왜곡하다"
CH3,"vers / vert (돌리다, 바꾸다)",revert,"되돌아가다, 복귀하다"
CH3,"vers / vert (돌리다, 바꾸다)",diverse,다양한
CH3,"vers / vert (돌리다, 바꾸다)",adverse,"불리한, 반대의"
CH3,"vers / vert (돌리다, 바꾸다)",adversity,"역경, 불리한 상황"
CH3,"vers / vert (돌리다, 바꾸다)",converse,"대화하다, 반대의"
CH3,"vers / vert (돌리다, 바꾸다)",controversy,논쟁
CH3,"vers / vert (돌리다, 바꾸다)",universe,우주
CH3,"vers / vert (돌리다, 바꾸다)",university,대학
CH3,"crit (구별하다, 판단하다)",critic,비평가
CH3,"crit (구별하다, 판단하다)",critical,"비판적인, 중대한"
CH3,"crit (구별하다, 판단하다)",criteria,기준들
CH3,"crit (구별하다, 판단하다)",critique,"평론, 비평문"
CH3,"crit (구별하다, 판단하다)",crisis,"위기, 고비"
CH3,soph (지혜),philosophy,철학
CH3,soph (지혜),sophisticated,"세련된, 정교한"
CH3,soph (지혜),sophomore,2학년
CH3,soph (지혜),sophistry,궤변술
CH3,soph (지혜),sophic,현명한
CH3,"ment / mens (마음, 생각)",mental,"정신의, 마음의"
CH3,"ment / mens (마음, 생각)",mention,언급하다
CH3,"ment / mens (마음, 생각)",dementia,치매
CH3,"ment / mens (마음, 생각)",comment,"논평, 의견"
CH3,"ment / mens (마음, 생각)",mindful,주의 깊은
CH3,"ment / mens (마음, 생각)",remind,상기시키다
CH3,"ment / mens (마음, 생각)",mindset,"사고방식, 태도"
CH3,"ment / mens (마음, 생각)",absent-minded,"건망증이 심한, 멍한"
CH3,"ment / mens (마음, 생각)",open-minded,"편견 없는, 열린 마음의"
CH3,"ment / mens (마음, 생각)",sentiment,"감정, 정서"
CH3,"ment / mens (마음, 생각)",mindless,"무의식적인, 경솔한"
CH3,sci (알다),science,과학
CH3,sci (알다),conscious,의식하는
CH3,sci (알다),conscience,양심
CH3,sci (알다),subconscious,잠재의식의
CH3,sci (알다),unconscious,무의식의
CH3,cogn / gnos (알다),recognize,"인정하다, 알아보다"
CH3,cogn / gnos (알다),acknowledge,"인정하다, 알아주다"
CH3,cogn / gnos (알다),diagnose,진단하다
CH3,cogn / gnos (알다),cognition,"인지, 인식"
CH3,cogn / gnos (알다),prognosis,"예후, 예상"
CH3,"ratio / rat (계산, 이성)",ratio,"비율, 비"
CH3,"ratio / rat (계산, 이성)",rational,"합리적인, 이성적인"
CH3,"ratio / rat (계산, 이성)",rationality,"합리성, 이성"
CH3,"ratio / rat (계산, 이성)",irrational,비이성적인
CH3,"ratio / rat (계산, 이성)",rationale,"이유, 근거"
CH3,"ratio / rat (계산, 이성)",rationalize,합리화하다
CH3,"ratio / rat (계산, 이성)",rate,"평가하다, 등급을 매기다"
CH3,"ratio / rat (계산, 이성)",rating,"등급, 평가"
CH3,"ratio / rat (계산, 이성)",irrationality,"비이성, 불합리"
CH3,"ratio / rat (계산, 이성)",underrate,과소평가하다
CH3,"ratio / rat (계산, 이성)",overrate,과대평가하다
CH3,"act (하다, 행동하다)",act,행동하다; 연기하다
CH3,"act (하다, 행동하다)",react,반응하다
CH3,"act (하다, 행동하다)",interact,상호작용하다
CH3,"act (하다, 행동하다)",enact,법으로 제정하다
CH3,"act (하다, 행동하다)",transact,"거래하다, 처리하다"
CH3,"act (하다, 행동하다)",deactivate,비활성화하다
CH3,"act (하다, 행동하다)",counteract,"방해하다, 상쇄하다"
CH3,"act (하다, 행동하다)",overact,과장 연기하다
CH3,"act (하다, 행동하다)",proactive,사전 대처하는
CH3,"act (하다, 행동하다)",exact,정확한
CH3,oper (일하다),operate,"운영하다, 작동하다, 수술하다"
CH3,oper (일하다),operation,"운영, 작동, 수술"
CH3,oper (일하다),operative,"작동하는, 효력이 있는"
CH3,oper (일하다),operator,"조작자, 교환원, 운영자"
CH3,oper (일하다),operational,"운영상의, 가동 준비가 된"
CH3,oper (일하다),cooperate,협력하다
CH3,oper (일하다),cooperation,"협력, 협조"
CH3,oper (일하다),cooperative,"협력적인, 협동의"
CH3,oper (일하다),uncooperative,비협조적인
CH3,oper (일하다),inoperative,"작동 불능의, 무용한"
CH3,manu / main / man (손),manual,수동의; 사용 설명서
CH3,manu / main / man (손),manuscript,"원고, 필사본"
CH3,manu / main / man (손),manufacture,"제조하다, 생산하다"
CH3,manu / main / man (손),manipulate,"조종하다, 다루다, 조작하다"
CH3,manu / main / man (손),manipulation,"조종, 조작"
CH3,manu / main / man (손),manifest,명백한; 나타내다
CH3,manu / main / man (손),manifestation,"명시, 표현, 징후"
CH3,manu / main / man (손),manner,"방식, 태도, 예의"
CH3,manu / main / man (손),manners,예의범절
CH3,manu / main / man (손),mannerism,"버릇, 매너리즘"
CH3,manu / main / man (손),maneuver,"기동하다, 책략을 쓰다"
CH3,manu / main / man (손),manage,"경영하다, 다루다"
CH3,manu / main / man (손),manager,"관리자, 지배인"
CH3,manu / main / man (손),management,"경영, 관리"
CH3,manu / main / man (손),maintain,유지하다
CH3,manu / main / man (손),maintenance,"유지, 보수, 생활비"
CH3,funct (수행하다),function,"기능, 역할"
CH3,funct (수행하다),functional,"기능적인, 실용적인"
CH3,funct (수행하다),functionality,"기능, 기능성"
CH3,funct (수행하다),malfunction,"고장, 오작동"
CH3,funct (수행하다),dysfunction,기능 장애
CH3,labor (노동하다),labor,노동하다; 애쓰다
CH3,labor (노동하다),laborer,"노동자, 일꾼"
CH3,labor (노동하다),laborious,"힘든, 고된"
CH3,labor (노동하다),laboratory,실험실
CH3,labor (노동하다),elaborate,"정교한, 공들인"
CH3,labor (노동하다),elaborate,정교하게 만들다; 상세히 설명하다
CH3,labor (노동하다),elaboration,"정교화, 정성 들임"
CH3,labor (노동하다),collaborate,협력하다
CH3,labor (노동하다),collaboration,"협력, 공동 작업"
CH3,labor (노동하다),collaborator,협력자
CH3,labor (노동하다),collaborative,협력적인
CH3,"fac / fic / fit / fect / fact (만들다, 하다)",affect,영향을 주다
CH3,"fac / fic / fit / fect / fact (만들다, 하다)",affection,"감정, 애정, 호감"
CH3,"fac / fic / fit / fect / fact (만들다, 하다)",artifact,"인공물, 유물"
CH3,"fac / fic / fit / fect / fact (만들다, 하다)",artificial,"인공의, 인위적인"
CH3,"fac / fic / fit / fect / fact (만들다, 하다)",beneficial,유익한
CH3,"fac / fic / fit / fect / fact (만들다, 하다)",benefit,"이익, 혜택"
CH3,"fac / fic / fit / fect / fact (만들다, 하다)",defect,"결함, 흠"
CH3,"fac / fic / fit / fect / fact (만들다, 하다)",defective,결함 있는
CH3,"fac / fic / fit / fect / fact (만들다, 하다)",effective,효과적인
CH3,"fac / fic / fit / fect / fact (만들다, 하다)",effect,"결과, 효과"
CH3,"fac / fic / fit / fect / fact (만들다, 하다)",efficient,효율적인
CH3,cept / ceive (취하다),accept,"받아들이다, 수락하다"
CH3,cept / ceive (취하다),except,제외하다
CH3,cept / ceive (취하다),intercept,가로채다
CH3,cept / ceive (취하다),conceive,"생각하다, 임신하다"
CH3,cept / ceive (취하다),receive,받다
CH3,cept / ceive (취하다),perceive,"지각하다, 인식하다"
CH3,cept / ceive (취하다),deceive,속이다
CH3,cept / ceive (취하다),acceptance,"수락, 승인"
CH3,cept / ceive (취하다),reception,"환영, 접수, 수신"
CH3,cept / ceive (취하다),recipient,"수령인, 수신자"
CH3,cept / ceive (취하다),perception,"지각, 인식"
CH3,cept / ceive (취하다),conception,"개념, 구상, 착상"
CH3,cept / ceive (취하다),deception,"속임수, 기만"
CH3,cept / ceive (취하다),acceptable,받아들일 만한
CH3,cept / ceive (취하다),exceptional,"예외적인, 특별한"
CH3,cept / ceive (취하다),perceptive,통찰력 있는
CH3,cept / ceive (취하다),deceptive,기만적인
CH3,cept / ceive (취하다),conceivable,"상상할 수 있는, 가능한"
CH3,cept / ceive (취하다),misconceive,오해하다
CH3,cept / ceive (취하다),receptionist,"안내원, 접수원"
CH3,"tend / tens (뻗다, 긴장하다)",tense,"긴장한, 팽팽한"
CH3,"tend / tens (뻗다, 긴장하다)",intensive,"집중적인, 강한"
CH3,"tend / tens (뻗다, 긴장하다)",extensive,광범위한
CH3,"tend / tens (뻗다, 긴장하다)",intent,"열심인, 몰두한"
CH3,"tend / tens (뻗다, 긴장하다)",tendency,"경향, 성향"
CH3,"tend / tens (뻗다, 긴장하다)",attendance,"출석, 참석"
CH3,"tend / tens (뻗다, 긴장하다)",extension,"확장, 연장"
CH3,"tend / tens (뻗다, 긴장하다)",pretension,"가식, 주장"
CH3,"tend / tens (뻗다, 긴장하다)",contention,"논쟁, 분쟁"
CH3,"tend / tens (뻗다, 긴장하다)",intention,"의도, 목적"
CH3,"tend / tens (뻗다, 긴장하다)",tension,"긴장, 압력"
CH3,"tend / tens (뻗다, 긴장하다)",extend,"확장하다, 늘이다"
CH3,"tend / tens (뻗다, 긴장하다)",tend,"~하는 경향이 있다, 돌보다"
CH3,"tend / tens (뻗다, 긴장하다)",attend,"참석하다, 주의를 기울이다"
CH3,"tend / tens (뻗다, 긴장하다)",pretend,~인 체하다
CH3,"tend / tens (뻗다, 긴장하다)",contend,"싸우다, 주장하다"
CH3,"tend / tens (뻗다, 긴장하다)",intend,의도하다
CH3,"tend / tens (뻗다, 긴장하다)",outstanding,뛰어난
CH3,"tend / tens (뻗다, 긴장하다)",tender,"상냥한, 다정한"
CH3,"tend / tens (뻗다, 긴장하다)",tenderness,"부드러움, 애정"
CH3,press (누르다),press,"누르다, 압박하다, 언론, 출판"
CH3,press (누르다),express,"표현하다, 급행의"
CH3,press (누르다),suppress,"억압하다, 진압하다"
CH3,press (누르다),oppress,"억압하다, 학대하다"
CH3,press (누르다),depress,"우울하게 하다, 하락시키다"
CH3,press (누르다),compress,압축하다
CH3,press (누르다),impress,"감명을 주다, 인상을 주다"
CH3,press (누르다),repress,억제하다
CH3,press (누르다),expression,"표현, 표정"
CH3,press (누르다),suppression,"억압, 진압"
CH3,press (누르다),oppression,"억압, 압박"
CH3,press (누르다),depression,"우울, 불경기, 침체"
CH3,press (누르다),compression,압축
CH3,press (누르다),impression,"인상, 감명"
CH3,press (누르다),repression,"억제, 억압"
CH3,press (누르다),expressive,"표정이 풍부한, 표현력이 있는"
CH3,press (누르다),oppressive,"억압적인, 답답한"
CH3,press (누르다),depressing,우울하게 만드는
CH3,press (누르다),depressed,"우울한, 침체된"
CH3,press (누르다),impressive,인상적인
CH3,en- / em- (~하게 하다),enable,가능하게 하다
CH3,en- / em- (~하게 하다),encourage,격려하다
CH3,en- / em- (~하게 하다),enrich,풍요롭게 하다
CH3,en- / em- (~하게 하다),enlarge,확대하다
CH3,en- / em- (~하게 하다),enslave,노예로 만들다
CH3,en- / em- (~하게 하다),entitle,"자격을 주다, 제목을 붙여주다"
CH3,en- / em- (~하게 하다),empower,권한을 부여하다
CH3,en- / em- (~하게 하다),embrace,"포용하다, 받아들이다"
CH3,en- / em- (~하게 하다),embarrass,당황하게 하다
CH3,en- / em- (~하게 하다),emphasize,강조하다
CH3,"art (기술, 예술)",art,"예술, 미술"
CH3,"art (기술, 예술)",artist,"예술가, 화가"
CH3,"art (기술, 예술)",artistry,"예술성, 기교"
CH3,"art (기술, 예술)",artifact,"인공물, 유물"
CH3,"art (기술, 예술)",article,"글, 기사, 물품"
CH3,"art (기술, 예술)",artisan,"장인, 기능공"
CH3,"art (기술, 예술)",artistic,"예술적인, 예술가의"
CH3,"art (기술, 예술)",artful,"교묘한, 능숙한"
CH3,"art (기술, 예술)",artificial,"인공의, 인위적인"
CH3,"art (기술, 예술)",articulate,"분명한, 명확한"
CH3,"cult (경작, 문화)",culture,"문화, 교양; 배양"
CH3,"cult (경작, 문화)",agriculture,농업
CH3,"cult (경작, 문화)",cultivate,"경작하다, 가꾸다, 기르다"
CH3,"cult (경작, 문화)",cultivator,"경작자, 농기구"
CH3,"cult (경작, 문화)",agricultural,"농업의, 농사의"
CH3,"mus (음악, 뮤즈)",music,음악
CH3,"mus (음악, 뮤즈)",musician,"음악가, 연주자"
CH3,"mus (음악, 뮤즈)",muse,"뮤즈(영감을 주는 존재), 영감의 원천"
CH3,"mus (음악, 뮤즈)",museum,"박물관, 미술관"
CH3,liter (글자),literal,"문자 그대로의, 축어적인"
CH3,liter (글자),literally,"문자 그대로, 정말로"
CH3,liter (글자),literary,"문학의, 문학적인"
CH3,liter (글자),literature,"문학, 문헌"
CH3,liter (글자),illiterate,"문맹의, 무식한"
CH3,liter (글자),illiteracy,"문맹, 무식"
CH3,liter (글자),literate,읽고 쓸 줄 아는
CH3,liter (글자),illiterate,문맹자
CH3,liter (글자),obliterate,"말살하다, 지워 없애다"
CH3,liter (글자),obliteration,"말살, 제거"
CH3,liter (글자),obliterated,완전히 지워진
CH3,myth (신화),myth,"신화, 전설"
CH3,myth (신화),mythical,신화적인
CH3,myth (신화),mythology,신화학
CH3,myth (신화),mythological,"신화의, 신화적인"
CH3,myth (신화),mythologize,"신화화하다, 꾸며내다"
CH3,hist (역사),history,"역사, 과거 기록"
CH3,hist (역사),historian,역사가
CH3,hist (역사),historic,"역사적인, 역사에 중요한"
CH3,hist (역사),historical,"역사상의, 역사에 관한"
CH3,hist (역사),prehistoric,선사 시대의
CH3,"anim (생명, 혼)",animal,동물
CH3,"anim (생명, 혼)",animation,"생기, 만화, 애니메이션"
CH3,"anim (생명, 혼)",animate,"살리다, 활기를 주다"
CH3,"anim (생명, 혼)",animated,"활기찬, 생기 있는; 만화 영화의"
CH3,"anim (생명, 혼)",inanimate,"무생물의, 생명 없는"
CH3,"eco (집, 환경)",ecology,"생태학, 환경학"
CH3,"eco (집, 환경)",ecosystem,생태계
CH3,"eco (집, 환경)",economy,"경제, 절약"
CH3,"eco (집, 환경)",economics,경제학
CH3,"eco (집, 환경)",ecologist,생태학자
CH3,"eco (집, 환경)",ecological,"생태학의, 환경 친화적인"
CH3,"eco (집, 환경)",economic,"경제의, 경제적인"
CH3,"eco (집, 환경)",economical,"검소한, 경제적인"
CH3,"eco (집, 환경)",eco-friendly,친환경적인
CH3,"eco (집, 환경)",ecotourism,생태 관광
CH3,tech (기술),technology,과학기술
CH3,tech (기술),technique,"기법, 기술"
CH3,tech (기술),technical,"기술적인, 전문적인"
CH3,tech (기술),technological,과학기술의
CH3,tech (기술),technically,"기술적으로, 엄밀히 말하면"
CH3,mech (기계),mechanic,"정비공, 기술자"
CH3,mech (기계),mechanics,"역학, 기계학"
CH3,mech (기계),mechanism,"기계 장치, 구조, 방법"
CH3,mech (기계),mechanical,"기계의, 기계적인"
CH3,mech (기계),mechanize,"기계화하다, 자동화하다"
CH3,"phys (자연, 물리, 신체)",physics,물리학
CH3,"phys (자연, 물리, 신체)",physiology,생리학
CH3,"phys (자연, 물리, 신체)",physique,"체격, 체형"
CH3,"phys (자연, 물리, 신체)",physician,의사
CH3,"phys (자연, 물리, 신체)",physical,"물리적인, 신체의"
CH3,chem (화학),chemical,"화학의, 화학적인"
CH3,chem (화학),chemist,"화학자, 약사"
CH3,chem (화학),chemistry,화학
CH3,chem (화학),alchemy,연금술
CH3,chem (화학),alchemist,연금술사
CH3,cyber (사이버),cyberspace,사이버 공간
CH3,cyber (사이버),cybersecurity,사이버 보안
CH3,cyber (사이버),cybercrime,사이버 범죄
CH3,cyber (사이버),cyberbully,사이버 왕따 시키다
CH3,digit (숫자),digit,"숫자, 자릿수"
CH3,digit (숫자),digital,"디지털의, 숫자의"
CH3,digit (숫자),digitally,디지털 방식으로
CH3,digit (숫자),digitalize,디지털화하다
CH3,digit (숫자),digitize,"디지털화하다, 전산화하다"
CH3,temp (시간),temporary,"일시적인, 임시의"
CH3,temp (시간),temporarily,"임시로, 일시적으로"
CH3,temp (시간),contemporary,"동시대의, 동시대인"
CH3,temp (시간),temporal,"시간의, 현세의"
CH3,temp (시간),tempo,"박자, 템포, 속도"
CH3,"auto (자동, 자신)",automobile,자동차
CH3,"auto (자동, 자신)",autonomy,"자치, 자율권"
CH3,"auto (자동, 자신)",autograph,자필 서명
CH3,"auto (자동, 자신)",autobiography,자서전
CH3,"auto (자동, 자신)",automate,자동화하다
CH3,"auto (자동, 자신)",autocorrect,자동 교정하다
CH3,"auto (자동, 자신)",automatic,자동의
CH3,"auto (자동, 자신)",automated,자동화된
CH3,"auto (자동, 자신)",autonomous,"자율적인, 자치의"
CH3,"auto (자동, 자신)",autographic,"자필의, 자필 서명의"
CH3,milit (군사),military,"군대의, 군사의"
CH3,milit (군사),militarism,"군국주의, 군사적 성향"
CH3,milit (군사),militaristic,"군국주의적인, 군사적인"
CH3,milit (군사),militant,"공격적인, 전투적인; 투사"
CH3,milit (군사),militia,"민병대, 의용군"
CH3,milit (군사),demilitarize,비무장화하다
CH3,milit (군사),demilitarize,비무장지대
CH3,milit (군사),paramilitary,"준군사조직의, 반군의"
CH3,milit (군사),militarize,"군사화하다, 무장시키다"
CH3,milit (군사),militarization,"군사화, 무장 강화"
CH3,arm (무기),arm,무기; 무장시키다
CH3,arm (무기),armed,무장한
CH3,arm (무기),army,군대
CH3,arm (무기),armory,"무기고, 병기고"
CH3,arm (무기),armor,"갑옷, 장갑"
CH3,arm (무기),armament,"군비, 무기, 무장"
CH3,arm (무기),rearm,재무장하다
CH3,arm (무기),disarm,무장 해제하다
CH3,arm (무기),disarmament,"군축, 무장 해제"
CH3,arm (무기),alarm,"경보, 놀람"
CH3,cap (잡다),capture,"붙잡음, 생포, 사로잡다"
CH3,cap (잡다),captivate,매혹하다
CH3,cap (잡다),captive,"포로, 사로잡힌"
CH3,cap (잡다),capacity,"용량, 수용력, 능력"
CH3,cap (잡다),capability,"능력, 역량"
CH3,cap (잡다),recapture,"재포획하다, 되찾다"
CH3,cap (잡다),captivating,매혹적인
CH3,cap (잡다),capable,"능력 있는, 할 수 있는"
CH3,cap (잡다),incapable,"무능한, 불가능한"
CH3,cap (잡다),capably,"유능하게, 솜씨 좋게"
CH3,domin (지배하다),dominate,"지배하다, 압도하다"
CH3,domin (지배하다),dominant,"지배적인, 우세한"
CH3,domin (지배하다),dominance,"우세, 지배력"
CH3,domin (지배하다),predominant,"두드러진, 우세한"
CH3,domin (지배하다),predominate,"지배하다, 두드러지다"
CH3,domin (지배하다),domain,"영토, 영역, 분야"
CH3,domin (지배하다),dominion,"지배, 통치권, 영토"
CH3,domin (지배하다),domestic,"가정의, 국내의"
CH3,domin (지배하다),domesticate,"길들이다, 가축화하다"
CH3,domin (지배하다),domesticated,"길들여진, 가축화된"
CH3,cog / gnos (알다),recognize,"인정하다, 알아보다"
CH3,cog / gnos (알다),recognition,"인식, 인정"
CH3,cog / gnos (알다),cognition,"인식, 인지"
CH3,cog / gnos (알다),cognitive,"인식의, 인지의, 인식에 관한"
CH3,cog / gnos (알다),precognition,"예지, 선견"
CH3,cog / gnos (알다),diagnose,진단하다
CH3,cog / gnos (알다),diagnosis,"진단, 분석"
CH3,cog / gnos (알다),diagnostic,"진단의, 진단적인"
CH3,cog / gnos (알다),prognosis,"예후, 예상"
CH3,cog / gnos (알다),prognostic,"예측의, 예후의"
CH3,cog / gnos (알다),ignorant,무지한
CH3,cog / gnos (알다),ignorance,무지
CH3,cog / gnos (알다),metacognition,"메타인지, 상위 인지"
CH3,cog / gnos (알다),metacognitive,"메타인지의, 상위 인지의"
CH3,cog / gnos (알다),incognito,익명으로
CH3,"path / pathy (감정, 질병)",sympathy,"동정, 연민"
CH3,"path / pathy (감정, 질병)",empathy,"공감, 감정 이입"
CH3,"path / pathy (감정, 질병)",apathy,"무관심, 냉담"
CH3,"path / pathy (감정, 질병)",antipathy,"반감, 혐오"
CH3,"path / pathy (감정, 질병)",pathetic,"불쌍한, 한심한"
CH3,"path / pathy (감정, 질병)",pathology,병리학
CH3,"path / pathy (감정, 질병)",pathogen,"병원체, 세균"
CH3,"path / pathy (감정, 질병)",pathological,"병적인, 병리학의"
CH3,"path / pathy (감정, 질병)",sociopath,반사회적 인격자
CH3,"path / pathy (감정, 질병)",psychopath,"사이코패스, 정신병자"
CH3,cred (믿다),credit,"신용, 믿음, 학점"
CH3,cred (믿다),credible,"믿을 만한, 신뢰할 수 있는"
CH3,cred (믿다),credibility,"신뢰성, 믿을 수 있음"
CH3,cred (믿다),incredible,"믿을 수 없는, 놀라운"
CH3,cred (믿다),incredulous,"의심 많은, 못 믿는"
CH3,cred (믿다),creed,"신조, 교리, 신념"
CH3,cred (믿다),credence,"신용, 신뢰, 신빙성"
CH3,cred (믿다),credentials,"자격 증명서, 신임장"
CH3,cred (믿다),discredit,"불신하게 하다, 신용을 잃게 하다"
CH3,cred (믿다),accredit,"인정하다, 공인하다"
CH3,memor (기억하다),memory,"기억, 추억, 메모리"
CH3,memor (기억하다),memorable,"기억할 만한, 인상적인"
CH3,memor (기억하다),memorize,"암기하다, 기억하다"
CH3,memor (기억하다),remember,기억하다
CH3,memor (기억하다),remembrance,"기억, 추억기억, 추억"
CH3,memor (기억하다),commemorate,기념하다
CH3,memor (기억하다),commemoration,"기념, 추도"
CH3,memor (기억하다),commemorative,"기념의, 기념이 되는"
CH3,memor (기억하다),immemorial,태고의
CH3,memor (기억하다),memorial,"기념비, 기념관, 기념의"
CH3,"psych (마음, 정신)",psychology,심리학
CH3,"psych (마음, 정신)",psychologist,심리학자
CH3,"psych (마음, 정신)",psychiatry,정신의학
CH3,"psych (마음, 정신)",psychiatrist,정신과 의사
CH3,"psych (마음, 정신)",sociopsychological,사회심리학의
CH3,"psych (마음, 정신)",psychotic,"정신병적인, 정신병 환자"
CH3,"psych (마음, 정신)",psychoanalysis,정신분석학
CH3,"psych (마음, 정신)",psychoanalyst,정신분석가
CH3,"psych (마음, 정신)",psychotherapy,"정신치료, 심리치료"
CH3,"psych (마음, 정신)",psychotherapist,심리치료사
CH3,"grat (기쁨, 감사)",grateful,"고마워하는, 감사하는"
CH3,"grat (기쁨, 감사)",gratefulness,감사함
CH3,"grat (기쁨, 감사)",gratitude,"감사, 고마움"
CH3,"grat (기쁨, 감사)",ingratitude,배은망덕
CH3,"grat (기쁨, 감사)",ungrateful,감사할 줄 모르는
CH3,"grat (기쁨, 감사)",gracious,"자비로운, 상냥한"
CH3,"grat (기쁨, 감사)",grace,"은혜, 품위, 우아함"
CH3,"grat (기쁨, 감사)",graceful,"우아한, 품위 있는"
CH3,"grat (기쁨, 감사)",disgrace,"불명예, 망신"
CH3,"grat (기쁨, 감사)",disgraceful,"불명예스러운, 수치스러운"
CH3,"grat (기쁨, 감사)",congratulate,축하하다
CH3,"grat (기쁨, 감사)",congratulation,"축하, 경축"
CH3,"grat (기쁨, 감사)",gratify,만족시키다
CH3,"grat (기쁨, 감사)",gratification,"만족, 기쁨"
CH3,"grat (기쁨, 감사)",gratifying,만족스러운
CH3,phil (사랑),philosophy,철학
CH3,phil (사랑),philosopher,철학자
CH3,phil (사랑),philosophical,"철학의, 철학적인"
CH3,phil (사랑),philanthropy,"박애, 자선"
CH3,phil (사랑),philanthropist,"박애주의자, 자선가"
CH3,"demo / demic (사람, 민중)",democracy,민주주의
CH3,"demo / demic (사람, 민중)",democratic,"민주적인, 민주주의의"
CH3,"demo / demic (사람, 민중)",democratize,민주화하다
CH3,"demo / demic (사람, 민중)",democrat,"민주주의자, 민주당원"
CH3,"demo / demic (사람, 민중)",demography,인구 통계학
CH3,"demo / demic (사람, 민중)",demographic,"인구 통계학의, 인구학적 특성"
CH3,"demo / demic (사람, 민중)",demographically,인구 통계적으로
CH3,"demo / demic (사람, 민중)",epidemic,"전염병, 유행하는"
CH3,"demo / demic (사람, 민중)",pandemic,"범유행병, 전세계적 유행"
CH3,"demo / demic (사람, 민중)",endemic,"풍토병, 고유한"
CH3,pop (사람들),population,"인구, 개체 수"
CH3,pop (사람들),populate,"거주시키다, 살다"
CH3,pop (사람들),populous,"인구가 많은, 사람이 붐비는"
CH3,pop (사람들),popular,"인기 있는, 대중의"
CH3,pop (사람들),popularity,"인기, 대중성"
CH3,pop (사람들),popularize,"대중화하다, 보급하다"
CH3,pop (사람들),populace,"대중, 서민"
CH3,pop (사람들),overpopulate,과밀화하다
CH3,pop (사람들),depopulate,인구를 줄이다
CH3,pop (사람들),repopulate,재정착시키다
CH3,mort (죽음),mortal,"죽을 운명의, 인간의"
CH3,mort (죽음),immortal,"불멸의, 영원한"
CH3,mort (죽음),mortality,"죽을 운명, 사망률"
CH3,mort (죽음),immortality,"불멸, 불사"
CH3,mort (죽음),mortgage,"저당, 주택담보대출"
CH3,mater / matri (어머니),maternal,"어머니의, 모성의"
CH3,mater / matri (어머니),maternity,"임신, 출산, 모성"
CH3,mater / matri (어머니),matriarch,"여가장, 여성 지도자"
CH3,mater / matri (어머니),matriarchy,"모계 사회, 모권제"
CH3,mater / matri (어머니),matron,"부인, 여사 (나이 지긋한 여성)"
CH3,pater / patri (아버지),paternal,"아버지의, 부계의"
CH3,pater / patri (아버지),patriarchy,"가부장제, 부계 사회"
CH3,pater / patri (아버지),patriot,애국자
CH3,pater / patri (아버지),patriotism,"애국심, 애국주의"
CH3,pater / patri (아버지),patriotic,애국적인
CH3,commun (공동),community,"공동체, 지역사회"
CH3,commun (공동),communal,"공동의, 공유의"
CH3,commun (공동),communism,공산주의
CH3,commun (공동),communist,공산주의자
CH3,commun (공동),communicate,"의사소통하다, 전달하다"
CH3,"soci (사회, 동료, 함께)",society,"사회, 단체"
CH3,"soci (사회, 동료, 함께)",social,"사회적인, 사교적인"
CH3,"soci (사회, 동료, 함께)",socialize,"사교하다, 사회화하다"
CH3,"soci (사회, 동료, 함께)",socialization,"사회화, 사회성 형성"
CH3,"soci (사회, 동료, 함께)",sociology,사회학
CH3,"soci (사회, 동료, 함께)",sociological,"사회학의, 사회학적인"
CH3,"soci (사회, 동료, 함께)",sociologist,사회학자
CH3,"soci (사회, 동료, 함께)",associate,"연상하다, 제휴하다; 동료"
CH3,"soci (사회, 동료, 함께)",dissociate,"분리하다, 분리되다"
CH3,"soci (사회, 동료, 함께)",unsociable,"사교적이지 못한, 붙임성 없는"
CH3,urb (도시),urban,도시의
CH3,urb (도시),urbanize,도시화하다
CH3,urb (도시),urbanism,도시주의
CH3,urb (도시),urbanity,"세련됨, 점잖음"
CH3,urb (도시),urbanely,"세련되게, 점잖게"
CH3,urb (도시),urbanization,도시화
CH3,urb (도시),suburb,"교외, 근교"
CH3,urb (도시),suburban,"교외의, 평범한"
CH3,urb (도시),suburbanite,교외 거주자
CH3,urb (도시),urbane,"세련된, 점잖은"
CH3,"spir (숨, 영혼)",spirit,"정신, 영혼, 기운"
CH3,"spir (숨, 영혼)",spiritual,"정신적인, 종교적인"
CH3,"spir (숨, 영혼)",inspire,"영감을 주다, 고무하다"
CH3,"spir (숨, 영혼)",inspiring,영감을 주는
CH3,"spir (숨, 영혼)",inspiration,"영감, 자극"
CH3,"spir (숨, 영혼)",inspirational,영감을 주는
CH3,"spir (숨, 영혼)",aspire,"열망하다, 포부를 갖다"
CH3,"spir (숨, 영혼)",aspiring,"열망하는, 포부를 가진"
CH3,"spir (숨, 영혼)",aspiration,"열망, 포부"
CH3,"spir (숨, 영혼)",conspire,"공모하다, 음모를 꾸미다"
CH3,"spir (숨, 영혼)",conspiracy,"음모, 모의"
CH3,"spir (숨, 영혼)",conspirator,"공모자, 음모자"
CH3,"spir (숨, 영혼)",conspiratorial,"음모의, 공모적인"
CH3,"spir (숨, 영혼)",expire,"만료되다, 숨지다"
CH3,"spir (숨, 영혼)",expired,"만료된, 숨이 끊어진"
CH3,"spir (숨, 영혼)",expiration,"만료, 종료, 죽음"
CH3,"spir (숨, 영혼)",respire,호흡하다
CH3,"spir (숨, 영혼)",respiration,"호흡, 호흡 작용"
CH3,"spir (숨, 영혼)",respiratory,호흡의
CH3,"spir (숨, 영혼)",perspire,땀을 흘리다
CH3,nat / nasc (태어나다),nature,"자연, 본성"
CH3,nat / nasc (태어나다),natural,"자연의, 타고난"
CH3,nat / nasc (태어나다),native,"원주민, 태어난 곳의; 타고난"
CH3,nat / nasc (태어나다),nativity,"출생, 탄생"
CH3,nat / nasc (태어나다),innate,"타고난, 선천적인"
CH3,nat / nasc (태어나다),nation,"국가, 민족"
CH3,nat / nasc (태어나다),national,"국가의, 국민의"
CH3,nat / nasc (태어나다),international,국제적인
CH3,nat / nasc (태어나다),renaissance,"르네상스, 부흥"
CH3,nat / nasc (태어나다),pregnant,임신한
CH3,"viv / vit (살다, 생명)",vivid,"생생한, 선명한"
CH3,"viv / vit (살다, 생명)",revive,"소생하다, 부활시키다"
CH3,"viv / vit (살다, 생명)",revival,"부활, 회복"
CH3,"viv / vit (살다, 생명)",survive,"살아남다, 생존하다"
CH3,"viv / vit (살다, 생명)",survival,생존
CH3,"viv / vit (살다, 생명)",survivor,생존자
CH3,"viv / vit (살다, 생명)",vital,"중요한, 생명의"
CH3,"viv / vit (살다, 생명)",vitality,"활력, 생명력"
CH3,"viv / vit (살다, 생명)",revitalization,"재활성화, 활력 부여"
CH3,"viv / vit (살다, 생명)",vitamin,비타민
CH3,"quer / quis / quir (묻다, 찾다)",question,"질문, 문제"
CH3,"quer / quis / quir (묻다, 찾다)",questionnaire,설문지
CH3,"quer / quis / quir (묻다, 찾다)",questionable,"의심스러운, 문제 있는"
CH3,"quer / quis / quir (묻다, 찾다)",inquire,"묻다, 조사하다"
CH3,"quer / quis / quir (묻다, 찾다)",inquiry,"문의, 조사"
CH3,"quer / quis / quir (묻다, 찾다)",acquire,"획득하다, 습득하다"
CH3,"quer / quis / quir (묻다, 찾다)",acquisition,"획득, 습득, 인수"
CH3,"quer / quis / quir (묻다, 찾다)",require,"요구하다, 필요로 하다"
CH3,"quer / quis / quir (묻다, 찾다)",requirement,"요구, 필요조건"
CH3,"quer / quis / quir (묻다, 찾다)",request,"요청하다; 요청, 부탁"
CH3,ped / pod (발),pedal,"페달, 발판"
CH3,ped / pod (발),bipedal,이족 보행의
CH3,ped / pod (발),biped,"두발짐승, 이족 보행의"
CH3,ped / pod (발),pedestrian,보행자; 보행자의
CH3,ped / pod (발),pedestrianize,보행자 전용화하다
CH3,ped / pod (발),expedition,"원정, 탐험"
CH3,ped / pod (발),expedite,"신속히 처리하다, 촉진하다"
CH3,ped / pod (발),impede,방해하다
CH3,ped / pod (발),impediment,"방해, 장애물, 언어장애"
CH3,ped / pod (발),podium,"연단, 강단"
CH3,form (형태),form,"형태, 형식; 형성하다"
CH3,form (형태),formation,"형성, 구성, 진형, 대형"
CH3,form (형태),formal,"격식의, 형식적인"
CH3,form (형태),formality,"형식성, 격식"
CH3,form (형태),inform,"알리다, 통지하다"
CH3,form (형태),information,"정보, 지식"
CH3,form (형태),informative,"유익한, 유용한"
CH3,form (형태),informant,정보 제공자
CH3,form (형태),reform,"개혁하다, 개선하다"
CH3,form (형태),reformation,"개혁, 개선"
CH3,form (형태),transform,"변형하다, 변화시키다"
CH3,form (형태),transformation,"변화, 변형"
CH3,form (형태),uniform,"제복, 획일적인"
CH3,form (형태),uniformity,"획일성, 균일성"
CH3,form (형태),conform,"따르다, 순응하다"
CH3,form (형태),conformity,"일치, 순응"
CH3,form (형태),deform,"망가뜨리다, 변형시키다"
CH3,form (형태),deformation,"변형, 기형"
CH3,form (형태),perform,"수행하다, 공연하다"
CH3,form (형태),performance,"실행, 공연, 성과"
CH3,struct (세우다),structure,"구조, 건축물"
CH3,struct (세우다),structural,"구조상의, 구조적인"
CH3,struct (세우다),infrastructure,사회 기반 시설
CH3,struct (세우다),construct,"건설하다, 구성하다"
CH3,struct (세우다),construction,"건설, 구조"
CH3,struct (세우다),constructive,"건설적인, 유익한"
CH3,struct (세우다),reconstruct,"재건하다, 복원하다"
CH3,struct (세우다),reconstruction,"재건, 복원"
CH3,struct (세우다),deconstruct,해체하다
CH3,struct (세우다),misconstruct,오해하다
CH3,struct (세우다),instruct,"가르치다, 지시하다"
CH3,struct (세우다),instruction,"지시, 교육"
CH3,struct (세우다),instructor,"강사, 지도자"
CH3,struct (세우다),instructive,"유익한, 교육적인"
CH3,struct (세우다),destruct,파괴하다
CH3,struct (세우다),destruction,"파괴, 파멸"
CH3,struct (세우다),destructive,"파괴적인, 해로운"
CH3,struct (세우다),obstruct,"방해하다, 막다"
CH3,struct (세우다),obstruction,"방해, 장애물"
CH3,struct (세우다),obstructive,"방해하는, 폐색의"
CH3,rupt (깨다),erupt,"분출하다, 폭발하다"
CH3,rupt (깨다),eruption,"폭발, 분출"
CH3,rupt (깨다),interrupt,"방해하다, 중단시키다"
CH3,rupt (깨다),interruption,"중단, 방해"
CH3,rupt (깨다),corrupt,타락시키다; 부패한
CH3,rupt (깨다),corruption,"부패, 타락"
CH3,rupt (깨다),incorruptible,"청렴한, 썩지 않는"
CH3,rupt (깨다),disrupt,"방해하다, 혼란시키다"
CH3,rupt (깨다),disruption,"방해, 파괴, 중단"
CH3,rupt (깨다),disruptive,"파괴적인, 지장을 주는"
CH3,fus (붓다),confuse,"혼동하다, 혼란스럽게 하다"
CH3,fus (붓다),confusion,"혼란, 혼동"
CH3,fus (붓다),diffuse,"퍼뜨리다, 확산시키다; 널리 퍼진"
CH3,fus (붓다),diffusion,"확산, 전파"
CH3,fus (붓다),infuse,"주입하다, 불어넣다"
CH3,fus (붓다),suffuse,"(빛·감정이) 번지다, 가득 차다"
CH3,fus (붓다),refuse,"거절하다, 거부하다"
CH3,fus (붓다),refusal,"거절, 거부"
CH3,fus (붓다),fuse,"융합하다, 도화선, 퓨즈"
CH3,fus (붓다),fusion,"융합, 합병, 핵융합"
CH3,tact / tang / tag / ting (접촉),contact,"접촉, 연락"
CH3,tact / tang / tag / ting (접촉),contagion,"전염, 감염"
CH3,tact / tang / tag / ting (접촉),contagious,"전염성의, 전염되는"
CH3,tact / tang / tag / ting (접촉),entangle,"얽히게 하다, 얽매이게 하다"
CH3,tact / tang / tag / ting (접촉),tangible,"만질 수 있는, 실체가 있는"
CH3,tact / tang / tag / ting (접촉),intangible,"만질 수 없는, 무형의, 손에 잡히지 않는"
CH3,tact / tang / tag / ting (접촉),tact,"요령, 눈치, 재치"
CH3,tact / tang / tag / ting (접촉),tactful,"요령 있는, 재치 있는"
CH3,tact / tang / tag / ting (접촉),tactless,"눈치 없는, 서투른"
CH3,tact / tang / tag / ting (접촉),tactical,"전술적인, 전략적인"
CH3,"mut (바꾸다, 변하다)",transmute,"변화시키다, 변형하다"
CH3,"mut (바꾸다, 변하다)",transmutation,"변질, 변화, 변형"
CH3,"mut (바꾸다, 변하다)",commute,"통근하다, 감형하다"
CH3,"mut (바꾸다, 변하다)",commuter,통근자
CH3,"mut (바꾸다, 변하다)",commutable,"대체 가능한, 감형할 수 있는"
CH3,"mut (바꾸다, 변하다)",mutate,"변형되다, 돌연변이가 되다"
CH3,"mut (바꾸다, 변하다)",mutation,"변화, 돌연변이"
CH3,"mut (바꾸다, 변하다)",mutant,돌연변이체
CH3,"mut (바꾸다, 변하다)",mutable,변하기 쉬운
CH3,"mut (바꾸다, 변하다)",immutability,불변성
